target_url,target_url_domain,target_url_top_level_domain,target_url_redirects,final_url,final_url_domain,final_url_top_level_domain,final_url_website,final_url_live,final_url_status_code,final_url_media_type,final_url_same_domain,final_url_same_website,target_url_agency_owner,target_url_bureau_owner,target_url_branch,target_url_404_test,source_list,public,scan_date,primary_scan_status,accessibility_scan_status,dns_scan_status,not_found_scan_status,performance_scan_status,robots_txt_scan_status,security_scan_status,sitemap_xml_scan_status,accessibility_violations,ipv6,hostname,cms,login_provider,login,site_search,search_dot_gov,dap,dap_parameters,dap_version,ga_tag_id,third_party_service_domains,third_party_service_urls,third_party_service_count,cookie_domains,viewport_meta_tag,cumulative_layout_shift,largest_contentful_paint,required_links_url,required_links_text,https_enforced,hsts,title,description,keywords,og_title,og_description,og_article_published,og_article_modified,og_image,og_type,og_url,canonical_link,language,language_link,main_element_present,robots_txt_detected,robots_txt_target_url_redirects,robots_txt_final_url,robots_txt_final_url_live,robots_txt_final_url_status_code,robots_txt_final_url_media_type,robots_txt_final_url_filesize,robots_txt_crawl_delay,robots_txt_sitemap_locations,sitemap_xml_detected,sitemap_xml_target_url_redirects,sitemap_xml_final_url,sitemap_xml_final_url_live,sitemap_xml_final_url_status_code,sitemap_xml_final_url_media_type,sitemap_xml_final_url_filesize,sitemap_xml_count,sitemap_xml_pdf_count,uswds_favicon,uswds_favicon_in_css,uswds_publicsans_font,uswds_inpage_css,uswds_usa_class_list,uswds_banner_heres_how,uswds_usa_classes,uswds_string,uswds_string_in_css,uswds_semantic_version,uswds_version,uswds_count,www_scan_status,www_url,www_status_code,www_title
svograntportal.sba.gov,sba.gov,.gov,True,https://www.svograntportal.sba.gov/s/,sba.gov,gov,www.svograntportal.sba.gov,True,200.0,text/html,True,False,Small Business Administration,Small Business Administration,Executive,False,"[""omb_idea""]",True,2025-01-02T06:33:37.966Z,completed,completed,completed,completed,completed,completed,completed,completed,"{""aria"":2,""lists"":1}",True,akamaitechnologies.com,,,,False,,False,,,UA-19362636-5,"[""www.google-analytics.com"",""www.googletagmanager.com""]","[""https://www.google-analytics.com/analytics.js"",""https://www.google-analytics.com/collect"",""https://www.googletagmanager.com/gtag/js""]",2.0,"["".sba.gov"",""www.svograntportal.sba.gov""]",False,0.0001528929036458,1130.5999999046326,,"[""accessibility""]",False,False,Shuttered Venue Operators Grant,,,,,,,,,,,en-US,,False,True,True,https://www.svograntportal.sba.gov/robots.txt,True,200.0,text/plain,247.0,,"[""https://www.svograntportal.sba.gov/s/sitemap.xml""]",False,True,https://www.svograntportal.sba.gov/s/login/?ec=302&inst=SJ&startURL=%2Fsitemap.xml,True,200.0,text/html,,,,0.0,0.0,0.0,0.0,,False,0.0,0.0,0.0,,0.0,0.0,completed,https://www.svograntportal.sba.gov/s,200.0,Shuttered Venue Operators Grant
sbir.gov,sbir.gov,.gov,True,https://www.sbir.gov/,sbir.gov,gov,www.sbir.gov,True,200.0,text/html,True,False,Small Business Administration,SBA-Office of Innovation & Technology,Executive,True,"[""gov"",""pulse"",""omb_idea""]",True,2025-01-02T06:33:58.671Z,completed,completed,completed,completed,completed,completed,completed,completed,,True,amazonaws.com,Drupal,,,False,,False,,,G-2JN1MJTXM1,"[""www.googletagmanager.com""]","[""https://www.googletagmanager.com/gtag/js""]",1.0,"["".sbir.gov""]",True,0.2279194039713541,405.69999980926514,"[""about"",""inspector"",""privacy"",""usa.gov""]","[""accessibility"",""inspector general"",""privacy policy"",""usa.gov""]",True,True,Home | SBIR,,,,,,,,,,,en,,True,True,True,https://www.sbir.gov/robots.txt,True,200.0,text/plain,1586.0,,,False,True,https://www.sbir.gov/sitemap.xml,False,404.0,text/html,,,,20.0,0.0,0.0,0.0,"[""usa-accordion"",""usa-banner"",""usa-button"",""usa-card-group"",""usa-footer"",""usa-header"",""usa-menu-btn"",""usa-nav"",""usa-nav-container"",""usa-navbar"",""usa-skipnav"",""usa-social-link"",""usa-sr-only"",""usa-step-indicator""]",True,50.0,2.0,20.0,,0.0,92.0,completed,https://www.sbir.gov,200.0,Home | SBIR
sft.sba.gov,sba.gov,.gov,,,,,,,,,,,Small Business Administration,Small Business Administration,Executive,,"[""pulse""]",,2025-01-02T02:50:34.729Z,timeout,timeout,completed,timeout,timeout,timeout,completed,timeout,,False,,,,,,,,,,,,,,,,,,,,False,False,,,,,,,,,,,,,,,,,,,,,,,,,,,,,,,,,,,,,,,,,,,,,dns_resolution_error,,,
katana.sba.gov,sba.gov,.gov,,,,,,,,,,,Small Business Administration,Small Business Administration,Executive,,"[""omb_idea""]",False,2025-01-02T01:44:21.283Z,dns_resolution_error,dns_resolution_error,completed,dns_resolution_error,dns_resolution_error,dns_resolution_error,completed,dns_resolution_error,,False,,,,,,,,,,,,,,,,,,,,False,False,,,,,,,,,,,,,,,,,,,,,,,,,,,,,,,,,,,,,,,,,,,,,dns_resolution_error,,,
connect.sba.gov,sba.gov,.gov,False,https://connect.sba.gov/,sba.gov,gov,connect.sba.gov,True,200.0,text/html,True,True,Small Business Administration,Small Business Administration,Executive,False,"[""pulse"",""omb_idea""]",True,2025-01-02T03:31:01.128Z,completed,completed,completed,completed,completed,completed,completed,completed,"{""contrast"":1}",True,azurefd.net,,login.gov,,False,,False,,,"G-5049Y4S3B8,UA-220620766-1,G-FYE87ZT6SG","[""cdn.jsdelivr.net"",""cdnjs.cloudflare.com"",""netdna.bootstrapcdn.com"",""use.fontawesome.com"",""www.google-analytics.com"",""www.googletagmanager.com""]","[""https://cdn.jsdelivr.net/npm/bootstrap@5.1.2/dist/js/bootstrap.bundle.min.js"",""https://cdnjs.cloudflare.com/ajax/libs/popper.js/1.11.0/umd/popper.min.js"",""https://netdna.bootstrapcdn.com/font-awesome/4.1.0/css/font-awesome.min.css"",""https://netdna.bootstrapcdn.com/font-awesome/4.1.0/fonts/fontawesome-webfont.woff"",""https://use.fontawesome.com/releases/v5.13.0/css/all.css"",""https://www.google-analytics.com/analytics.js"",""https://www.google-analytics.com/collect"",""https://www.google-analytics.com/g/collect"",""https://www.googletagmanager.com/gtag/js""]",6.0,"["".connect.sba.gov"","".sba.gov"",""connect.sba.gov""]",False,4.51069335937e-05,1026.3000001907349,"[""about"",""fear"",""foia"",""inspector"",""privacy"",""usa.gov"",""espanol"",""/es""]","[""accessibility"",""no fear act"",""freedom of information act"",""inspector general"",""privacy policy"",""usa.gov"",""español"",""spanish""]",True,True,SBA Connect,,,,,,,,,,,en,,True,False,False,https://connect.sba.gov/robots.txt,False,404.0,text/html,,,,False,False,https://connect.sba.gov/sitemap.xml,False,404.0,text/html,,,,0.0,0.0,0.0,0.0,,False,0.0,0.0,0.0,,0.0,0.0,dns_resolution_error,,,
disasterloan.sba.gov,sba.gov,.gov,,,,,,,,,,,Small Business Administration,Small Business Administration,Executive,,"[""pulse""]",,2025-01-02T02:37:49.104Z,dns_resolution_error,dns_resolution_error,completed,dns_resolution_error,dns_resolution_error,dns_resolution_error,completed,dns_resolution_error,,True,cloudfront.net,,,,,,,,,,,,,,,,,,,False,False,,,,,,,,,,,,,,,,,,,,,,,,,,,,,,,,,,,,,,,,,,,,,dns_resolution_error,,,
es.sba.gov,sba.gov,.gov,True,https://www.sba.gov/,sba.gov,gov,www.sba.gov,True,200.0,text/html,True,False,Small Business Administration,Small Business Administration,Executive,False,"[""pulse""]",,2025-01-02T06:44:25.682Z,completed,completed,completed,completed,completed,completed,completed,completed,,False,cloudfront.net,Drupal,,,True,,True,"{""agency"":""SBA""}",20241218 v8.5 - GA4,"G-wJfHjKkTIogRnJe,G-CSLL4ZEK4L,G-YDH966RR5Y","[""connect.facebook.net"",""dap.digitalgov.gov"",""www.facebook.com"",""www.googletagmanager.com""]","[""https://connect.facebook.net/en_US/fbevents.js"",""https://connect.facebook.net/signals/config/1601132503528457"",""https://dap.digitalgov.gov/Universal-Federated-Analytics-Min.js"",""https://dap.digitalgov.gov/web-vitals/dist/web-vitals.attribution.iife.js"",""https://www.facebook.com/privacy_sandbox/pixel/register/trigger/"",""https://www.facebook.com/tr/"",""https://www.googletagmanager.com/gtag/js"",""https://www.googletagmanager.com/gtm.js""]",4.0,"["".sba.gov""]",True,0.0,923.0999999046326,"[""about"",""fear"",""foia"",""inspector"",""privacy"",""usa.gov"",""/es""]","[""accessibility"",""budget and performance"",""no fear act"",""foia"",""freedom of information act"",""inspector general"",""privacy policy"",""usa.gov"",""español""]",True,True,Small Business Administration,"We support America's small businesses. The SBA connects entrepreneurs with lenders and funding to help them plan, start and grow their business.",,,,,,https://www.sba.gov/themes/custom/sba/dist/img/social/SBASEOImage.jpg,,,https://www.sba.gov/,en,"en,es",True,False,True,https://www.sba.gov/,True,200.0,text/html,,,,False,True,https://www.sba.gov/,True,200.0,text/html,,,,20.0,0.0,0.0,1.0,"[""usa-accordion"",""usa-alert"",""usa-banner"",""usa-banner-inner"",""usa-button"",""usa-card"",""usa-card-group"",""usa-footer"",""usa-form"",""usa-header"",""usa-hero"",""usa-input"",""usa-input-required"",""usa-label"",""usa-list"",""usa-logo"",""usa-megamenu"",""usa-menu-btn"",""usa-nav"",""usa-navbar"",""usa-overlay"",""usa-prose"",""usa-search"",""usa-site-alert"",""usa-skipnav"",""usa-social-link"",""usa-sr-only""]",True,115.0,8.0,20.0,,0.0,164.0,dns_resolution_error,,,
certify.sba.gov,sba.gov,.gov,False,https://certify.sba.gov/,sba.gov,gov,certify.sba.gov,True,200.0,text/html,True,True,Small Business Administration,Small Business Administration,Executive,True,"[""dap"",""pulse"",""omb_idea"",""oira""]",True,2025-01-02T06:44:39.109Z,completed,completed,completed,completed,completed,completed,completed,completed,,True,cloudfront.net,,,,True,,True,"{""agency"":""SBA""}",20241218 v8.5 - GA4,"G-CSLL4ZEK4L,UA-71457705-2,UA-19362636-2,G-VS90KJEX3Y,G-V145CXN3EH","[""dap.digitalgov.gov"",""www.google-analytics.com"",""www.googletagmanager.com""]","[""https://dap.digitalgov.gov/Universal-Federated-Analytics-Min.js"",""https://dap.digitalgov.gov/web-vitals/dist/web-vitals.attribution.iife.js"",""https://www.google-analytics.com/analytics.js"",""https://www.google-analytics.com/j/collect"",""https://www.googletagmanager.com/gtag/js"",""https://www.googletagmanager.com/gtm.js""]",3.0,"["".certify.sba.gov"","".sba.gov"",""certify.sba.gov""]",True,0.0439806215820312,708.5,"[""about"",""usa.gov""]","[""usa.gov""]",True,False,SBA Certify - Small Business Administration | SBA Certify - Small,The 8(a) program is a robust nine-year program created to help firms owned and controlled by socially and economically disadvantaged individuals.,,,,,,,,,https://sba.gov,en,,False,True,False,https://certify.sba.gov/robots.txt,True,200.0,text/plain,291.0,,,False,False,https://certify.sba.gov/sitemap.xml,False,404.0,text/html,,,,0.0,0.0,0.0,7.0,"[""usa-accordion"",""usa-alert"",""usa-alert-body"",""usa-alert-heading"",""usa-alert-info"",""usa-banner"",""usa-banner-guidance-gov"",""usa-banner-guidance-ssl"",""usa-banner-header"",""usa-banner-icon"",""usa-button"",""usa-button-fixed"",""usa-card"",""usa-card-group"",""usa-disclaimer-stage"",""usa-footer"",""usa-grid-full"",""usa-grid-one-whole"",""usa-header"",""usa-header-extended"",""usa-icon"",""usa-media_block-body"",""usa-media_block-img"",""usa-modal"",""usa-modal-overlay"",""usa-prose"",""usa-skipnav"",""usa-sr-only"",""usa-text-small"",""usa-unstyled-list"",""usa-width-one-third""]",True,65.0,1.0,20.0,,0.0,93.0,completed,https://www.certify.sba.gov,200.0,SBA Certify - Small Business Administration | SBA Certify - Small
pro-net.sba.gov,sba.gov,.gov,,,,,,,,,,,Small Business Administration,Small Business Administration,Executive,,"[""pulse""]",,2025-01-02T06:52:20.902Z,timeout,timeout,completed,timeout,timeout,timeout,completed,timeout,,False,,,,,,,,,,,,,,,,,,,,False,False,,,,,,,,,,,,,,,,,,,,,,,,,,,,,,,,,,,,,,,,,,,,,timeout,,,
loaddmz1.sba.gov,sba.gov,.gov,,,,,,,,,,,Small Business Administration,Small Business Administration,Executive,,"[""pulse""]",,2025-01-02T01:27:44.251Z,timeout,timeout,completed,timeout,timeout,timeout,completed,timeout,,False,,,,,,,,,,,,,,,,,,,,False,False,,,,,,,,,,,,,,,,,,,,,,,,,,,,,,,,,,,,,,,,,,,,,dns_resolution_error,,,
content.prod.sba.gov,sba.gov,.gov,False,https://content.prod.sba.gov/,sba.gov,gov,content.prod.sba.gov,False,403.0,text/html,True,True,Small Business Administration,Small Business Administration,Executive,False,"[""dap""]",,2025-01-02T06:45:57.514Z,completed,completed,completed,completed,completed,completed,completed,completed,"{""language"":1}",True,amazonaws.com,,,,False,,False,,,,,,0.0,,False,0.0,90.90000009536745,,,False,False,403 Forbidden,,,,,,,,,,,,,False,False,False,https://content.prod.sba.gov/robots.txt,False,403.0,text/html,,,,False,False,https://content.prod.sba.gov/sitemap.xml,False,403.0,text/html,,,,0.0,0.0,0.0,0.0,,False,0.0,0.0,0.0,,0.0,0.0,dns_resolution_error,,,
loaddmz2.sba.gov,sba.gov,.gov,,,,,,,,,,,Small Business Administration,Small Business Administration,Executive,,"[""pulse""]",,2025-01-02T06:41:43.536Z,timeout,timeout,completed,timeout,timeout,timeout,completed,timeout,,False,,,,,,,,,,,,,,,,,,,,False,False,,,,,,,,,,,,,,,,,,,,,,,,,,,,,,,,,,,,,,,,,,,,,dns_resolution_error,,,
maps.certify.sba.gov,sba.gov,.gov,True,"https://maps.certify.sba.gov/hubzone/map#center=44.722800,-103.249700&zoom=4",sba.gov,gov,maps.certify.sba.gov,True,200.0,text/html,True,True,Small Business Administration,Small Business Administration,Executive,True,"[""pulse"",""omb_idea""]",True,2025-01-02T06:47:04.954Z,completed,completed,completed,completed,completed,completed,completed,completed,,True,cloudfront.net,,,,True,,False,,,"UA-19362636-2,G-NGG2CJBL3H","[""content.hotjar.io"",""fonts.googleapis.com"",""fonts.gstatic.com"",""maps.googleapis.com"",""maps.gstatic.com"",""script.hotjar.com"",""static.hotjar.com"",""www.google-analytics.com"",""www.googletagmanager.com""]","[""https://content.hotjar.io/"",""https://fonts.googleapis.com/css"",""https://fonts.gstatic.com/s/roboto/v32/KFOlCnqEu92Fr1MmEU9fBBc4AMP6lQ.woff2"",""https://fonts.gstatic.com/s/roboto/v32/KFOlCnqEu92Fr1MmWUlfBBc4AMP6lQ.woff2"",""https://fonts.gstatic.com/s/roboto/v32/KFOmCnqEu92Fr1Mu4mxKKTU1Kg.woff2"",""https://maps.googleapis.com/$rpc/google.internal.maps.mapsjs.v1.MapsJsInternalService/GetViewportInfo"",""https://maps.googleapis.com/maps-api-v3/api/js/59/3a/common.js"",""https://maps.googleapis.com/maps-api-v3/api/js/59/3a/controls.js"",""https://maps.googleapis.com/maps-api-v3/api/js/59/3a/map.js"",""https://maps.googleapis.com/maps-api-v3/api/js/59/3a/marker.js"",""https://maps.googleapis.com/maps-api-v3/api/js/59/3a/onion.js"",""https://maps.googleapis.com/maps-api-v3/api/js/59/3a/places_impl.js"",""https://maps.googleapis.com/maps-api-v3/api/js/59/3a/util.js"",""https://maps.googleapis.com/maps/api/js"",""https://maps.googleapis.com/maps/api/mapsjs/gen_204"",""https://maps.googleapis.com/maps/vt"",""https://maps.gstatic.com/mapfiles/api-3/images/autocomplete-icons.png"",""https://maps.gstatic.com/mapfiles/api-3/images/cb_scout5.png"",""https://maps.gstatic.com/mapfiles/api-3/images/drag-cross.png"",""https://maps.gstatic.com/mapfiles/api-3/images/powered-by-google-on-white3.png"",""https://maps.gstatic.com/mapfiles/arrow-down.png"",""https://maps.gstatic.com/mapfiles/openhand_8_8.cur"",""https://maps.gstatic.com/mapfiles/transparent.png"",""https://script.hotjar.com/modules.60031afbf51fb3e88a5b.js"",""https://static.hotjar.com/c/hotjar-475424.js"",""https://www.google-analytics.com/analytics.js"",""https://www.google-analytics.com/j/collect"",""https://www.googletagmanager.com/gtag/js""]",9.0,"["".sba.gov"",""maps.certify.sba.gov""]",True,0.0,1984.2999997138977,,"[""accessibility""]",True,False,HUBZone Map,,,,,,,,,,,en,,True,True,False,https://maps.certify.sba.gov/robots.txt,True,200.0,text/plain,202.0,,,False,False,https://maps.certify.sba.gov/sitemap.xml,False,404.0,application/xml,,,,0.0,0.0,0.0,1.0,"[""usa-accordion-button"",""usa-alert"",""usa-alert-body"",""usa-alert-heading"",""usa-alert-info"",""usa-banner"",""usa-banner-header"",""usa-banner-inner"",""usa-button"",""usa-button-outline"",""usa-fieldset-inputs"",""usa-grid"",""usa-header"",""usa-header-extended"",""usa-logo"",""usa-logo-text"",""usa-menu-btn"",""usa-nav"",""usa-nav-close"",""usa-nav-inner"",""usa-nav-secondary"",""usa-nav-secondary-links"",""usa-navbar"",""usa-overlay"",""usa-search"",""usa-search-small"",""usa-sr-only"",""usa-unstyled-list""]",False,25.0,0.0,20.0,v1.3.1,100.0,146.0,dns_resolution_error,,,
legacy.www.sbir.gov,sbir.gov,.gov,False,https://legacy.www.sbir.gov/,sbir.gov,gov,legacy.www.sbir.gov,True,200.0,text/html,True,True,Small Business Administration,SBA-Office of Innovation & Technology,Executive,True,"[""dap""]",,2025-01-02T07:57:14.342Z,completed,completed,completed,completed,completed,completed,completed,completed,"{""contrast"":1,""link-purpose"":3}",True,amazonaws.com,,,,True,,True,"{""agency"":""SBA"",""subagency"":""SBIR""}",20241218 v8.5 - GA4,"G-WY949GHX1Q,G-CSLL4ZEK4L","[""ajax.googleapis.com"",""code.jquery.com"",""dap.digitalgov.gov"",""fonts.googleapis.com"",""fonts.gstatic.com"",""stackpath.bootstrapcdn.com"",""www.googletagmanager.com""]","[""https://ajax.googleapis.com/ajax/libs/jquery/1.12.4/jquery.min.js"",""https://code.jquery.com/jquery-migrate-1.4.1.min.js"",""https://dap.digitalgov.gov/Universal-Federated-Analytics-Min.js"",""https://dap.digitalgov.gov/web-vitals/dist/web-vitals.attribution.iife.js"",""https://fonts.googleapis.com/css2"",""https://fonts.gstatic.com/s/sourcesanspro/v22/6xK3dSBYKcSV-LCoeQqfX1RYOo3qOK7lujVj9w.woff2"",""https://fonts.gstatic.com/s/sourcesanspro/v22/6xKydSBYKcSV-LCoeQqfX1RYOo3ig4vwlxdu3cOWxw.woff2"",""https://stackpath.bootstrapcdn.com/font-awesome/4.7.0/css/font-awesome.min.css"",""https://stackpath.bootstrapcdn.com/font-awesome/4.7.0/fonts/fontawesome-webfont.woff2"",""https://www.googletagmanager.com/gtag/js""]",7.0,"["".legacy.www.sbir.gov"","".sbir.gov""]",True,0.2448856057942708,399.30000019073486,"[""about"",""inspector"",""privacy"",""usa.gov""]","[""inspector general"",""privacy policy"",""usa.gov""]",True,True,SBIR.gov,,,,,,,,,,,en,,False,True,False,https://legacy.www.sbir.gov/robots.txt,True,200.0,text/plain,1037.0,30.0,,False,False,https://legacy.www.sbir.gov/sitemap.xml,False,404.0,text/html,,,,0.0,0.0,0.0,0.0,,False,0.0,0.0,0.0,,0.0,0.0,dns_resolution_error,,,
pronet.sba.gov,sba.gov,.gov,True,https://pronet.sba.gov/search/dsp_dsbs.cfm?CFID=93039&CFTOKEN=2548768fe88a749c-710069F3-A168-563F-A1D35AD28D087B92,sba.gov,gov,pronet.sba.gov,True,200.0,text/html,True,True,Small Business Administration,Small Business Administration,Executive,True,"[""pulse"",""omb_idea""]",False,2025-01-02T02:44:39.893Z,completed,completed,completed,completed,completed,completed,completed,completed,"{""contrast"":1,""link-purpose"":2}",True,amazonaws.com,,,,True,,False,,,UA-33523145-1,"[""ssl.google-analytics.com""]","[""https://ssl.google-analytics.com/__utm.gif"",""https://ssl.google-analytics.com/ga.js""]",1.0,"["".pronet.sba.gov"",""pronet.sba.gov""]",False,8.6625e-05,368.69999980926514,,"[""accessibility""]",True,False,SBA - Dynamic Small Business Search,Service provided by the U.S. Small Business Administration's Office of Government Contracting.,"DSBS, dsbs, find, find small business, locate, locate small business, small business, small business search, U.S. Small Business Administration, small business adminstration, government contracting, procurement, assistance, women owned, sdb, minorities, native americans, 8(a), SBA, CBD, cbd, federal web sites, regulations, counseling, forecasts, osdbu, OSDBU, center, reps, representatives, coc, size, natural resources, cmr, commercial, market, waivers, information, pro-net, pronet, pcr, bpcr, tpcr",,,,,,,,,en-US,,False,False,False,https://pronet.sba.gov/robots.txt,False,404.0,text/html,,,,False,False,https://pronet.sba.gov/sitemap.xml,False,404.0,text/html,,,,0.0,0.0,0.0,0.0,,False,0.0,0.0,0.0,,0.0,0.0,dns_resolution_error,,,
catweb.sba.gov,sba.gov,.gov,True,https://catweb.sba.gov/cls/dsp_login.cfm,sba.gov,gov,catweb.sba.gov,True,200.0,text/html,True,True,Small Business Administration,Small Business Administration,Executive,True,"[""pulse"",""omb_idea""]",False,2025-01-02T01:22:38.873Z,completed,execution_context_destroyed,completed,completed,completed,completed,completed,completed,,False,,,,"[""\""password\"""",""type=\""password\""""]",False,,False,,,,,,0.0,"[""catweb.sba.gov""]",True,0.0295676107584635,689.1999998092651,,"[""accessibility""]",True,True,Capital Access Financial System,,,,,,,,,,,en-US,,True,False,False,https://catweb.sba.gov/robots.txt,False,404.0,text/html,,,,False,False,https://catweb.sba.gov/sitemap.xml,False,404.0,text/html,,,,0.0,0.0,0.0,0.0,,False,0.0,0.0,0.0,,0.0,0.0,dns_resolution_error,,,
lending.sba.gov,sba.gov,.gov,False,https://lending.sba.gov/,sba.gov,gov,lending.sba.gov,True,200.0,text/html,True,True,Small Business Administration,Small Business Administration,Executive,True,"[""omb_idea""]",True,2025-01-02T07:42:07.335Z,completed,completed,completed,completed,completed,completed,completed,completed,,False,cloudfront.net,,,,False,,False,,,G-XQV11FWYFP,"[""js.arcgis.com"",""js.sentry-cdn.com"",""www.googletagmanager.com""]","[""https://js.arcgis.com/4.24/esri/themes/light/main.css"",""https://js.sentry-cdn.com/a1f69ac4aa5b481caf1e9cc9e0c4992a.min.js"",""https://www.googletagmanager.com/gtag/js"",""https://www.googletagmanager.com/gtm.js""]",3.0,"["".sba.gov"",""lending.sba.gov""]",True,0.0876470455729166,802.5999999046326,"[""about""]","[""accessibility""]",True,False,MySBA Loan Portal,SBA Lending Portal,,,,,,,,,,en,,False,True,False,https://lending.sba.gov/robots.txt,True,200.0,text/plain,36.0,,,False,False,https://lending.sba.gov/sitemap.xml,False,404.0,text/html,25895.0,0.0,0.0,0.0,0.0,0.0,0.0,,False,0.0,0.0,0.0,,0.0,0.0,dns_resolution_error,,,
appeals.sba.gov,sba.gov,.gov,False,https://appeals.sba.gov/,sba.gov,gov,appeals.sba.gov,True,200.0,text/html,True,True,Small Business Administration,Small Business Administration,Executive,False,"[""omb_idea""]",True,2025-01-02T07:43:46.355Z,completed,completed,completed,completed,completed,completed,completed,completed,"{""user-control-name"":1,""contrast"":2,""flash"":1}",True,cloudfront.net,,,,False,,False,,,,"[""browser-update.org"",""fonts.googleapis.com"",""fonts.gstatic.com""]","[""https://browser-update.org/update.min.js"",""https://fonts.googleapis.com/css2"",""https://fonts.gstatic.com/s/sourcesanspro/v22/6xK3dSBYKcSV-LCoeQqfX1RYOo3qOK7lujVj9w.woff2"",""https://fonts.gstatic.com/s/sourcesanspro/v22/6xKydSBYKcSV-LCoeQqfX1RYOo3i54rwlxdu3cOWxw.woff2"",""https://fonts.gstatic.com/s/sourcesanspro/v22/6xKydSBYKcSV-LCoeQqfX1RYOo3ig4vwlxdu3cOWxw.woff2"",""https://fonts.gstatic.com/s/sourcesanspro/v22/6xKydSBYKcSV-LCoeQqfX1RYOo3ik4zwlxdu3cOWxw.woff2""]",3.0,"[""appeals.sba.gov""]",True,0.0686458792724609,1794.8000001907349,"[""about"",""privacy""]","[""accessibility"",""privacy policy""]",True,False,Small Business Administration OHA Appeals Platform,Small Business Administration OHA Appeals Platform,,,,,,,,,,en,,True,True,False,https://appeals.sba.gov/robots.txt,True,200.0,text/html,1672.0,,,True,False,https://appeals.sba.gov/sitemap.xml,True,200.0,text/html,1672.0,0.0,0.0,0.0,0.0,0.0,0.0,,False,0.0,0.0,0.0,,0.0,0.0,dns_resolution_error,,,
veterans.certify.sba.gov,sba.gov,.gov,False,https://veterans.certify.sba.gov/,sba.gov,gov,veterans.certify.sba.gov,True,200.0,text/html,True,True,Small Business Administration,Small Business Administration,Executive,True,"[""omb_idea""]",True,2025-01-02T07:42:28.662Z,completed,completed,completed,completed,completed,completed,completed,completed,,False,cloudfront.net,,,,False,,False,,,,"[""ds4b0bwt9l31c.cloudfront.net"",""fonts.googleapis.com"",""fonts.gstatic.com"",""js.sentry-cdn.com""]","[""https://ds4b0bwt9l31c.cloudfront.net/brandings/public/e21ee107-fd0f-465e-a02c-18f9f87b6bd5/sba_logo_white.png"",""https://fonts.googleapis.com/icon"",""https://fonts.gstatic.com/s/materialicons/v142/flUhRq6tzZclQEJ-Vdg-IuiaDsNcIhQ8tQ.woff2"",""https://js.sentry-cdn.com/b0d8053fa751421394b02532a3e58bf5.min.js""]",4.0,"[""veterans.certify.sba.gov""]",True,0.0,778.5999999046326,"[""about""]","[""accessibility""]",True,False,Veteran Small Business Certification,Veteran Small Business Certification,,,,,,,,,,en,,True,False,False,https://veterans.certify.sba.gov/robots.txt,False,404.0,text/html,,,,False,False,https://veterans.certify.sba.gov/sitemap.xml,False,404.0,text/html,,,,0.0,0.0,0.0,0.0,,False,0.0,0.0,0.0,,0.0,0.0,dns_resolution_error,,,
sbicweb.sba.gov,sba.gov,.gov,True,https://sbicweb.sba.gov/VerifyLogin.aspx,sba.gov,gov,sbicweb.sba.gov,True,200.0,text/html,True,True,Small Business Administration,Small Business Administration,Executive,True,"[""pulse"",""omb_idea""]",False,2025-01-02T01:23:37.724Z,completed,completed,completed,completed,completed,completed,completed,completed,"{""language"":1}",True,azurefd.net,,,,False,,False,,,,,,0.0,"["".sbicweb.sba.gov"",""sbicweb.sba.gov""]",False,0.0,487.80000019073486,,,True,True,SBIC WEB,,,,,,,,,,,,,False,False,False,https://sbicweb.sba.gov/robots.txt,False,404.0,text/html,,,,False,False,https://sbicweb.sba.gov/sitemap.xml,False,404.0,text/html,,,,0.0,0.0,0.0,0.0,,False,0.0,0.0,0.0,,0.0,0.0,dns_resolution_error,,,
dsbs.sba.gov,sba.gov,.gov,True,https://dsbs.sba.gov/search/dsp_dsbs.cfm?CFID=360755&CFTOKEN=6f02f47d147841b3-6E1AD5A5-FD2B-9B9F-37D762DBE9213EEC,sba.gov,gov,dsbs.sba.gov,True,200.0,text/html,True,True,Small Business Administration,Small Business Administration,Executive,True,"[""pulse"",""omb_idea""]",True,2025-01-02T01:23:40.872Z,completed,completed,completed,completed,completed,completed,completed,completed,"{""contrast"":1,""link-purpose"":2}",True,amazonaws.com,,,,True,,False,,,UA-33523145-1,"[""ssl.google-analytics.com""]","[""https://ssl.google-analytics.com/__utm.gif"",""https://ssl.google-analytics.com/ga.js""]",1.0,"["".dsbs.sba.gov"",""dsbs.sba.gov""]",False,0.0,390.30000019073486,,"[""accessibility""]",True,False,SBA - Dynamic Small Business Search,Service provided by the U.S. Small Business Administration's Office of Government Contracting.,"DSBS, dsbs, find, find small business, locate, locate small business, small business, small business search, U.S. Small Business Administration, small business adminstration, government contracting, procurement, assistance, women owned, sdb, minorities, native americans, 8(a), SBA, CBD, cbd, federal web sites, regulations, counseling, forecasts, osdbu, OSDBU, center, reps, representatives, coc, size, natural resources, cmr, commercial, market, waivers, information, pro-net, pronet, pcr, bpcr, tpcr",,,,,,,,,en-US,,False,False,False,https://dsbs.sba.gov/robots.txt,False,404.0,text/html,,,,False,False,https://dsbs.sba.gov/sitemap.xml,False,404.0,text/html,,,,0.0,0.0,0.0,0.0,,False,0.0,0.0,0.0,,0.0,0.0,dns_resolution_error,,,
directforgiveness.sba.gov,sba.gov,.gov,True,https://directforgiveness.sba.gov/requests/borrower/login/?next=/,sba.gov,gov,directforgiveness.sba.gov,True,200.0,text/html,True,True,Small Business Administration,Small Business Administration,Executive,True,"[""omb_idea""]",True,2025-01-02T01:24:19.003Z,completed,completed,completed,completed,completed,completed,completed,completed,,True,cloudfront.net,,,"[""\""password\"""","">Sign In<"",""type=\""password\""""]",False,,False,,,UA-201377982-1,"[""cdn.walkme.com"",""code.jquery.com"",""d79i1fxsrar4t.cloudfront.net"",""ec.walkme.com"",""www.google-analytics.com""]","[""https://cdn.walkme.com/player/lib/20240306-120641-a2531501-7a42c704.br/30.e33341dd.walkme_lib.js"",""https://cdn.walkme.com/player/lib/20240306-120641-a2531501-7a42c704.br/60.3f6dcb27.walkme_lib.js"",""https://cdn.walkme.com/player/lib/20240306-120641-a2531501-7a42c704.br/9.b0ce767c.walkme_lib.js"",""https://cdn.walkme.com/player/lib/walkme_lib_20240306-120641-a2531501-7a42c704.br.js"",""https://cdn.walkme.com/player/resources/fonts/notosans.js"",""https://cdn.walkme.com/player/resources/wmjQuery33121.js"",""https://cdn.walkme.com/users/f5c1a1fd0e4d45e49c27e52e2db007f0/custom_css_9baa89f756414f468188e2634df0d744.css"",""https://cdn.walkme.com/users/f5c1a1fd0e4d45e49c27e52e2db007f0/data_9baa89f756414f468188e2634df0d744.br.js"",""https://cdn.walkme.com/users/f5c1a1fd0e4d45e49c27e52e2db007f0/runtime_data.json"",""https://cdn.walkme.com/users/f5c1a1fd0e4d45e49c27e52e2db007f0/scripts/prelib-plugin-46f366ac-f6f6-3abc-b834-f7ea66f8678f.js"",""https://cdn.walkme.com/users/f5c1a1fd0e4d45e49c27e52e2db007f0/settings.txt"",""https://cdn.walkme.com/users/f5c1a1fd0e4d45e49c27e52e2db007f0/walkme_config_9baa89f756414f468188e2634df0d744.js"",""https://cdn.walkme.com/users/f5c1a1fd0e4d45e49c27e52e2db007f0/walkme_f5c1a1fd0e4d45e49c27e52e2db007f0_https.js"",""https://code.jquery.com/jquery-3.6.0.min.js"",""https://d79i1fxsrar4t.cloudfront.net/sdk/1.6.2/smartystreets-sdk-1.6.2.js"",""https://ec.walkme.com/event/log"",""https://www.google-analytics.com/analytics.js"",""https://www.google-analytics.com/collect"",""https://www.google-analytics.com/j/collect""]",5.0,"["".sba.gov"",""directforgiveness.sba.gov""]",True,0.0,0.0,"[""privacy""]","[""accessibility"",""privacy policy""]",True,False,SBA PPP Forgiveness::,,,,,,,,,,,en,,False,False,False,https://directforgiveness.sba.gov/robots.txt,False,404.0,text/html,,,,False,False,https://directforgiveness.sba.gov/sitemap.xml,False,404.0,text/html,,,,0.0,0.0,0.0,0.0,,False,0.0,0.0,0.0,,0.0,0.0,dns_resolution_error,,,
eweb1sp.sba.gov,sba.gov,.gov,,,,,,,,,,,Small Business Administration,Small Business Administration,Executive,,"[""pulse""]",,2025-01-02T01:30:28.698Z,timeout,timeout,completed,timeout,timeout,timeout,completed,timeout,,False,,,,,,,,,,,,,,,,,,,,False,False,,,,,,,,,,,,,,,,,,,,,,,,,,,,,,,,,,,,,,,,,,,,,dns_resolution_error,,,
web.sba.gov,sba.gov,.gov,False,https://web.sba.gov/,sba.gov,gov,web.sba.gov,True,200.0,text/html,True,True,Small Business Administration,Small Business Administration,Executive,False,"[""pulse"",""omb_idea""]",False,2025-01-02T07:00:56.282Z,completed,completed,completed,completed,completed,completed,completed,completed,"{""contrast"":4,""link-purpose"":2,""lists"":5}",True,cloudfront.net,,,,False,,False,,,UA-33523145-1,"[""ssl.google-analytics.com""]","[""https://ssl.google-analytics.com/__utm.gif"",""https://ssl.google-analytics.com/ga.js""]",1.0,"["".web.sba.gov"",""web.sba.gov""]",False,0.0,91.0,"[""foia"",""privacy""]","[""no fear act"",""foia""]",True,False,SBA - Choose Public SBA System,,,,,,,,,,,en-US,,False,False,False,https://web.sba.gov/robots.txt,False,403.0,application/xml,,,,False,False,https://web.sba.gov/sitemap.xml,False,403.0,application/xml,,,,0.0,0.0,0.0,0.0,,False,0.0,0.0,0.0,,0.0,0.0,dns_resolution_error,,,
federalcomments.sba.gov,sba.gov,.gov,False,https://federalcomments.sba.gov/,sba.gov,gov,federalcomments.sba.gov,True,200.0,text/html,True,True,Small Business Administration,Small Business Administration,Executive,True,"[""omb_idea""]",True,2025-01-02T08:21:48.055Z,completed,unknown_error,completed,completed,completed,completed,completed,completed,,False,,,,,False,,False,,,UA-33523145-1,"[""cdn.jsdelivr.net"",""code.jquery.com"",""ssl.google-analytics.com"",""stackpath.bootstrapcdn.com""]","[""https://cdn.jsdelivr.net/npm/summernote@0.8.18/dist/font/summernote.woff2"",""https://cdn.jsdelivr.net/npm/summernote@0.8.18/dist/summernote.min.css"",""https://cdn.jsdelivr.net/npm/summernote@0.8.18/dist/summernote.min.js"",""https://code.jquery.com/jquery-3.5.1.min.js"",""https://ssl.google-analytics.com/__utm.gif"",""https://ssl.google-analytics.com/ga.js"",""https://stackpath.bootstrapcdn.com/bootstrap/3.4.1/css/bootstrap.min.css"",""https://stackpath.bootstrapcdn.com/bootstrap/3.4.1/js/bootstrap.min.js""]",4.0,"["".federalcomments.sba.gov"",""federalcomments.sba.gov""]",False,0.0847126875,915.9000000953674,"[""about""]","[""accessibility""]",True,False,National Ombudsman Case Management System,,,,,,,,,,,en-US,,False,False,False,https://federalcomments.sba.gov/robots.txt,False,404.0,text/html,,,,False,False,https://federalcomments.sba.gov/sitemap.xml,False,404.0,text/html,,,,0.0,0.0,0.0,0.0,,False,0.0,0.0,0.0,,0.0,0.0,dns_resolution_error,,,
restaurants.sba.gov,sba.gov,.gov,True,https://restaurants.sba.gov/requests/borrower/login/?next=/,sba.gov,gov,restaurants.sba.gov,True,200.0,text/html,True,True,Small Business Administration,Small Business Administration,Executive,True,"[""omb_idea""]",True,2025-01-02T07:44:05.450Z,completed,unknown_error,completed,completed,completed,completed,completed,completed,,True,cloudfront.net,,,"[""\""password\"""","">Sign In<"",""type=\""password\""""]",False,,False,,,"UA-194633155-2,G-67ZV2QEJ8H","[""cdn.walkme.com"",""code.jquery.com"",""d79i1fxsrar4t.cloudfront.net"",""ec.walkme.com"",""www.google-analytics.com"",""www.googletagmanager.com""]","[""https://cdn.walkme.com/player/lib/20231206-152015-1208b513-b24205d3/29.f22b5e2e.walkme_lib.js"",""https://cdn.walkme.com/player/lib/20231206-152015-1208b513-b24205d3/58.d9ded984.walkme_lib.js"",""https://cdn.walkme.com/player/lib/walkme_lib_20231206-152015-1208b513-b24205d3.js"",""https://cdn.walkme.com/player/resources/fonts/notosans.js"",""https://cdn.walkme.com/player/resources/wmjQuery3319.js"",""https://cdn.walkme.com/users/c0b71254e2c74368935207adb193afc7/custom_css_b1bcdf8603264205a93a4d00436aba86.css"",""https://cdn.walkme.com/users/c0b71254e2c74368935207adb193afc7/data_b1bcdf8603264205a93a4d00436aba86.js"",""https://cdn.walkme.com/users/c0b71254e2c74368935207adb193afc7/external-data/insights-configuration/insights_configuration_583ccb0fb13b4e38bbabdbc2bd4f8ad7.json"",""https://cdn.walkme.com/users/c0b71254e2c74368935207adb193afc7/scripts/prelib-plugin-63d6a59f-e5f3-3420-8e42-07658a547a3c.js"",""https://cdn.walkme.com/users/c0b71254e2c74368935207adb193afc7/settings.txt"",""https://cdn.walkme.com/users/c0b71254e2c74368935207adb193afc7/walkme_c0b71254e2c74368935207adb193afc7_https.js"",""https://cdn.walkme.com/users/c0b71254e2c74368935207adb193afc7/walkme_config_13e35205da6a48398d6e63e7ad8a3037.js"",""https://code.jquery.com/jquery-3.6.0.min.js"",""https://d79i1fxsrar4t.cloudfront.net/sdk/1.6.2/smartystreets-sdk-1.6.2.js"",""https://ec.walkme.com/event/log"",""https://www.google-analytics.com/analytics.js"",""https://www.google-analytics.com/collect"",""https://www.google-analytics.com/j/collect"",""https://www.googletagmanager.com/gtag/js""]",6.0,"["".sba.gov"",""restaurants.sba.gov""]",True,0.0699266276041666,308.40000009536743,"[""privacy""]","[""accessibility"",""privacy policy""]",True,False,SBA Restaurant Revitalization Fund::,,,,,,,,,,,en,,False,False,False,https://restaurants.sba.gov/robots.txt,False,404.0,text/html,,,,False,False,https://restaurants.sba.gov/sitemap.xml,False,404.0,text/html,,,,0.0,0.0,0.0,0.0,,False,0.0,0.0,0.0,,0.0,0.0,dns_resolution_error,,,
loaddmz.sba.gov,sba.gov,.gov,,,,,,,,,,,Small Business Administration,Small Business Administration,Executive,,"[""pulse""]",,2025-01-02T08:05:30.967Z,timeout,timeout,completed,timeout,timeout,timeout,completed,timeout,,False,,,,,,,,,,,,,,,,,,,,False,False,,,,,,,,,,,,,,,,,,,,,,,,,,,,,,,,,,,,,,,,,,,,,dns_resolution_error,,,
learn.sba.gov,sba.gov,.gov,True,https://learning.sba.gov/,sba.gov,gov,learning.sba.gov,True,200.0,text/html,True,False,Small Business Administration,Small Business Administration,Executive,False,"[""omb_idea""]",True,2025-01-02T03:34:18.045Z,completed,completed,completed,completed,completed,completed,completed,completed,,True,cloudfront.net,,,,True,,False,,,"UA-19362636-3,G-1HQ2DXK9VB","[""fonts.googleapis.com"",""fonts.gstatic.com"",""gateway.foresee.com"",""www.google-analytics.com"",""www.googletagmanager.com""]","[""https://fonts.googleapis.com/css"",""https://fonts.gstatic.com/s/sourcesanspro/v22/6xK3dSBYKcSV-LCoeQqfX1RYOo3qOK7lujVj9w.woff2"",""https://fonts.gstatic.com/s/sourcesanspro/v22/6xKydSBYKcSV-LCoeQqfX1RYOo3ig4vwlxdu3cOWxw.woff2"",""https://gateway.foresee.com/code/19.13.1-fs/fs.compress.js"",""https://gateway.foresee.com/code/19.13.1-fs/fs.utils.js"",""https://gateway.foresee.com/sites/sba-gov/staging/gateway.min.js"",""https://www.google-analytics.com/analytics.js"",""https://www.google-analytics.com/collect"",""https://www.googletagmanager.com/a"",""https://www.googletagmanager.com/gtag/js""]",5.0,"["".sba.gov""]",True,0.09591159375,734.0999999046326,"[""about"",""fear"",""foia"",""inspector"",""privacy"",""usa.gov"",""espanol""]","[""accessibility"",""no fear act"",""freedom of information act"",""inspector general"",""privacy policy"",""usa.gov"",""español""]",True,False,Homepage,Ascent Homepage,,Homepage,Ascent Homepage,,,undefined/static_content/Image_Placeholder.png,website,,,en,,False,False,True,https://learning.sba.gov/,True,200.0,text/html,,,,False,True,https://learning.sba.gov/,True,200.0,text/html,,,,0.0,0.0,0.0,0.0,,False,0.0,0.0,0.0,,0.0,0.0,dns_resolution_error,,,
enilesp.sba.gov,sba.gov,.gov,,,,,,,,,,,Small Business Administration,Small Business Administration,Executive,,"[""pulse""]",,2025-01-02T06:29:45.556Z,timeout,timeout,completed,timeout,timeout,timeout,completed,timeout,,False,,,,,,,,,,,,,,,,,,,,False,False,,,,,,,,,,,,,,,,,,,,,,,,,,,,,,,,,,,,,,,,,,,,,dns_resolution_error,,,
www.nwbc.gov,nwbc.gov,.gov,False,https://www.nwbc.gov/,nwbc.gov,gov,www.nwbc.gov,True,200.0,text/html,True,True,Small Business Administration,Small Business Administration,Executive,True,"[""gov"",""2020_eot""]",,2025-01-02T04:15:44.502Z,completed,completed,completed,completed,completed,completed,unknown_error,completed,,False,cloudfront.net,WordPress,,,True,,False,,,"UA-105080723-1,G-81QS67YP6T","[""code.jquery.com"",""fonts.googleapis.com"",""fonts.gstatic.com"",""googleads.g.doubleclick.net"",""i.ytimg.com"",""invalid"",""jnn-pa.googleapis.com"",""play.google.com"",""search.nwbc.gov"",""static.doubleclick.net"",""www.google-analytics.com"",""www.google.com"",""www.googletagmanager.com"",""www.gstatic.com"",""www.youtube.com""]","[""https://code.jquery.com/jquery-3.7.1.min.js"",""https://code.jquery.com/jquery-migrate-1.2.1.min.js"",""https://fonts.googleapis.com/css"",""https://fonts.googleapis.com/css2"",""https://fonts.gstatic.com/s/montserrat/v29/JTUSjIg1_i6t8kCHKm459WlhyyTh89Y.woff2"",""https://fonts.gstatic.com/s/roboto/v18/KFOlCnqEu92Fr1MmEU9fBBc4AMP6lQ.woff2"",""https://fonts.gstatic.com/s/roboto/v18/KFOmCnqEu92Fr1Mu4mxKKTU1Kg.woff2"",""https://googleads.g.doubleclick.net/pagead/id"",""https://i.ytimg.com/vi_webp/v4vb0YG1rlo/default.webp"",""https://jnn-pa.googleapis.com/$rpc/google.internal.waa.v1.Waa/Create"",""https://jnn-pa.googleapis.com/$rpc/google.internal.waa.v1.Waa/GenerateIT"",""https://play.google.com/log"",""https://search.nwbc.gov/assets/sayt_loader.js"",""https://search.nwbc.gov/javascripts/remote.loader.js"",""https://static.doubleclick.net/instream/ad_status.js"",""https://www.google-analytics.com/analytics.js"",""https://www.google-analytics.com/collect"",""https://www.google.com/js/th/8p-ZUt2O_r6IumY5TzUY2RZ4QvEtVfvf_MYYDjqPK3M.js"",""https://www.googletagmanager.com/gtag/js"",""https://www.gstatic.com/cv/js/sender/v1/cast_sender.js"",""https://www.youtube.com/generate_204"",""https://www.youtube.com/s/player/03dbdfab/player_ias.vflset/en_US/base.js"",""https://www.youtube.com/s/player/03dbdfab/player_ias.vflset/en_US/embed.js"",""https://www.youtube.com/s/player/03dbdfab/player_ias.vflset/en_US/remote.js"",""https://www.youtube.com/s/player/03dbdfab/www-embed-player.vflset/www-embed-player.js"",""https://www.youtube.com/s/player/03dbdfab/www-player.css""]",15.0,"["".nwbc.gov""]",True,0.0022370936279296,676.6999998092651,"[""about"",""privacy""]","[""about us"",""privacy policy""]",,,Home - NWBC,NWBC,,,,,,,,,https://www.nwbc.gov/,en-US,,True,True,False,https://www.nwbc.gov/robots.txt,True,200.0,text/plain,202.0,,"[""https://www.nwbc.gov/sitemap_index.xml""]",False,True,https://www.nwbc.gov/sitemap_index.xml,True,200.0,text/xml,,,,20.0,0.0,0.0,0.0,"[""usa-accordion"",""usa-banner"",""usa-button"",""usa-footer"",""usa-header"",""usa-input"",""usa-logo"",""usa-menu-btn"",""usa-nav"",""usa-navbar"",""usa-overlay"",""usa-search"",""usa-section"",""usa-social-link"",""usa-sr-only""]",True,35.0,13.0,20.0,v3.6.0,100.0,188.0,dns_resolution_error,,,
eweb1.sba.gov,sba.gov,.gov,False,https://eweb1.sba.gov/,sba.gov,gov,eweb1.sba.gov,True,200.0,text/html,True,True,Small Business Administration,Small Business Administration,Executive,False,"[""pulse"",""omb_idea""]",False,2025-01-02T08:28:57.842Z,completed,completed,completed,completed,completed,completed,completed,completed,"{""contrast"":1}",True,azurefd.net,,login.gov,,False,,False,,,"G-5049Y4S3B8,UA-220620766-1,G-FYE87ZT6SG","[""cdn.jsdelivr.net"",""cdnjs.cloudflare.com"",""netdna.bootstrapcdn.com"",""use.fontawesome.com"",""www.google-analytics.com"",""www.googletagmanager.com""]","[""https://cdn.jsdelivr.net/npm/bootstrap@5.1.2/dist/js/bootstrap.bundle.min.js"",""https://cdnjs.cloudflare.com/ajax/libs/popper.js/1.11.0/umd/popper.min.js"",""https://netdna.bootstrapcdn.com/font-awesome/4.1.0/css/font-awesome.min.css"",""https://netdna.bootstrapcdn.com/font-awesome/4.1.0/fonts/fontawesome-webfont.woff"",""https://use.fontawesome.com/releases/v5.13.0/css/all.css"",""https://www.google-analytics.com/analytics.js"",""https://www.google-analytics.com/collect"",""https://www.google-analytics.com/g/collect"",""https://www.googletagmanager.com/gtag/js""]",6.0,"["".sba.gov"",""eweb1.sba.gov""]",False,0.0310580986328125,2145.8999996185303,"[""about"",""fear"",""foia"",""inspector"",""privacy"",""usa.gov"",""espanol"",""/es""]","[""accessibility"",""no fear act"",""freedom of information act"",""inspector general"",""privacy policy"",""usa.gov"",""español"",""spanish""]",True,True,SBA Connect,,,,,,,,,,,en,,True,False,False,https://eweb1.sba.gov/robots.txt,False,404.0,text/html,,,,False,False,https://eweb1.sba.gov/sitemap.xml,False,404.0,text/html,,,,0.0,0.0,0.0,0.0,,False,0.0,0.0,0.0,,0.0,0.0,dns_resolution_error,,,
ascent.sba.gov,sba.gov,.gov,True,https://learning.sba.gov/,sba.gov,gov,learning.sba.gov,True,200.0,text/html,True,False,Small Business Administration,Small Business Administration,Executive,False,"[""omb_idea""]",True,2025-01-02T07:56:46.201Z,completed,completed,completed,completed,completed,completed,completed,completed,,True,cloudfront.net,,,,True,,False,,,"UA-19362636-3,G-1HQ2DXK9VB","[""fonts.googleapis.com"",""fonts.gstatic.com"",""gateway.foresee.com"",""www.google-analytics.com"",""www.googletagmanager.com""]","[""https://fonts.googleapis.com/css"",""https://fonts.gstatic.com/s/sourcesanspro/v22/6xK3dSBYKcSV-LCoeQqfX1RYOo3qOK7lujVj9w.woff2"",""https://fonts.gstatic.com/s/sourcesanspro/v22/6xKydSBYKcSV-LCoeQqfX1RYOo3ig4vwlxdu3cOWxw.woff2"",""https://gateway.foresee.com/code/19.13.1-fs/fs.compress.js"",""https://gateway.foresee.com/code/19.13.1-fs/fs.utils.js"",""https://gateway.foresee.com/sites/sba-gov/staging/gateway.min.js"",""https://www.google-analytics.com/analytics.js"",""https://www.google-analytics.com/collect"",""https://www.googletagmanager.com/gtag/js""]",5.0,"["".sba.gov""]",True,0.09591159375,733.5999999046326,"[""about"",""fear"",""foia"",""inspector"",""privacy"",""usa.gov"",""espanol""]","[""accessibility"",""no fear act"",""freedom of information act"",""inspector general"",""privacy policy"",""usa.gov"",""español""]",True,False,Homepage,Ascent Homepage,,Homepage,Ascent Homepage,,,undefined/static_content/Image_Placeholder.png,website,,,en,,False,True,True,https://learning.sba.gov/robots.txt,True,200.0,text/plain,26.0,,,False,True,https://learning.sba.gov/sitemap.xml,False,403.0,text/html,,,,0.0,0.0,0.0,0.0,,False,0.0,0.0,0.0,,0.0,0.0,dns_resolution_error,,,
www.certify.sba.gov,sba.gov,.gov,False,https://www.certify.sba.gov/,sba.gov,gov,www.certify.sba.gov,True,200.0,text/html,True,True,Small Business Administration,Small Business Administration,Executive,True,"[""dap""]",,2025-01-02T04:53:29.466Z,completed,completed,completed,completed,completed,completed,unknown_error,completed,,True,cloudfront.net,,,,True,,True,"{""agency"":""SBA""}",20241218 v8.5 - GA4,"G-CSLL4ZEK4L,UA-71457705-2,G-VS90KJEX3Y,UA-19362636-2,G-V145CXN3EH","[""dap.digitalgov.gov"",""www.google-analytics.com"",""www.googletagmanager.com""]","[""https://dap.digitalgov.gov/Universal-Federated-Analytics-Min.js"",""https://dap.digitalgov.gov/web-vitals/dist/web-vitals.attribution.iife.js"",""https://www.google-analytics.com/analytics.js"",""https://www.google-analytics.com/j/collect"",""https://www.googletagmanager.com/gtag/js"",""https://www.googletagmanager.com/gtm.js""]",3.0,"["".certify.sba.gov"","".sba.gov"",""www.certify.sba.gov""]",True,0.7574511334635418,1143.4000000953674,"[""about"",""usa.gov""]","[""usa.gov""]",,,SBA Certify - Small Business Administration | SBA Certify - Small,The 8(a) program is a robust nine-year program created to help firms owned and controlled by socially and economically disadvantaged individuals.,,,,,,,,,https://sba.gov,en,,False,True,False,https://www.certify.sba.gov/robots.txt,True,200.0,text/plain,291.0,,,False,False,https://www.certify.sba.gov/sitemap.xml,False,404.0,text/html,,,,0.0,0.0,0.0,7.0,"[""usa-accordion"",""usa-alert"",""usa-alert-body"",""usa-alert-heading"",""usa-alert-info"",""usa-banner"",""usa-banner-guidance-gov"",""usa-banner-guidance-ssl"",""usa-banner-header"",""usa-banner-icon"",""usa-button"",""usa-button-fixed"",""usa-card"",""usa-card-group"",""usa-disclaimer-stage"",""usa-footer"",""usa-grid-full"",""usa-grid-one-whole"",""usa-header"",""usa-header-extended"",""usa-icon"",""usa-media_block-body"",""usa-media_block-img"",""usa-modal"",""usa-modal-overlay"",""usa-prose"",""usa-skipnav"",""usa-sr-only"",""usa-text-small"",""usa-unstyled-list"",""usa-width-one-third""]",True,65.0,1.0,20.0,,0.0,93.0,dns_resolution_error,,,
imedia.sba.gov,sba.gov,.gov,,,,,,,,,,,Small Business Administration,Small Business Administration,Executive,,"[""pulse""]",,2025-01-02T02:43:53.074Z,dns_resolution_error,dns_resolution_error,completed,dns_resolution_error,dns_resolution_error,dns_resolution_error,completed,dns_resolution_error,,False,,,,,,,,,,,,,,,,,,,,False,False,,,,,,,,,,,,,,,,,,,,,,,,,,,,,,,,,,,,,,,,,,,,,dns_resolution_error,,,
oauth.cls.sba.gov,sba.gov,.gov,True,https://oauth.cls.sba.gov/accounts/login/,sba.gov,gov,oauth.cls.sba.gov,True,200.0,text/html,True,True,Small Business Administration,Small Business Administration,Executive,True,"[""omb_idea""]",True,2025-01-02T07:48:36.402Z,completed,completed,completed,completed,completed,completed,completed,completed,,False,cloudfront.net,,,"[""\""password\"""","">Sign In<"",""type=\""password\""""]",False,,False,,,"G-4XKD53RLMJ,G-glnxrGktBJxbF9u,G-yPbPCNkjFDwMQDZ,G-fCIkUsx","[""fonts.googleapis.com"",""fonts.gstatic.com"",""js.sentry-cdn.com"",""www.google.com"",""www.googletagmanager.com"",""www.gstatic.com""]","[""https://fonts.googleapis.com/css2"",""https://fonts.gstatic.com/s/roboto/v18/KFOlCnqEu92Fr1MmEU9fBBc4AMP6lQ.woff2"",""https://fonts.gstatic.com/s/roboto/v18/KFOlCnqEu92Fr1MmYUtfBBc4AMP6lQ.woff2"",""https://fonts.gstatic.com/s/roboto/v18/KFOmCnqEu92Fr1Mu4mxKKTU1Kg.woff2"",""https://fonts.gstatic.com/s/sourcesanspro/v22/6xK3dSBYKcSV-LCoeQqfX1RYOo3qOK7lujVj9w.woff2"",""https://fonts.gstatic.com/s/sourcesanspro/v22/6xKydSBYKcSV-LCoeQqfX1RYOo3i54rwlxdu3cOWxw.woff2"",""https://fonts.gstatic.com/s/sourcesanspro/v22/6xKydSBYKcSV-LCoeQqfX1RYOo3ik4zwlxdu3cOWxw.woff2"",""https://js.sentry-cdn.com/40ad06c4b73747cd86bebfd10b2897f6.min.js"",""https://www.google.com/js/bg/1JtfxEoOHYipHDSo6VGFrhhwWN5-nIbCexrboqLdZ4w.js"",""https://www.google.com/recaptcha/api.js"",""https://www.google.com/recaptcha/api2/clr"",""https://www.google.com/recaptcha/api2/payload"",""https://www.google.com/recaptcha/api2/reload"",""https://www.google.com/recaptcha/api2/webworker.js"",""https://www.googletagmanager.com/gtag/js"",""https://www.googletagmanager.com/gtm.js"",""https://www.gstatic.com/recaptcha/api2/audio_2x.png"",""https://www.gstatic.com/recaptcha/api2/info_2x.png"",""https://www.gstatic.com/recaptcha/api2/logo_48.png"",""https://www.gstatic.com/recaptcha/api2/refresh_2x.png"",""https://www.gstatic.com/recaptcha/releases/zIriijn3uj5Vpknvt_LnfNbF/recaptcha__en.js"",""https://www.gstatic.com/recaptcha/releases/zIriijn3uj5Vpknvt_LnfNbF/styles__ltr.css""]",6.0,"["".sba.gov"",""oauth.cls.sba.gov""]",True,0.0,861.0,,"[""accessibility""]",True,False,Single Sign-On - Small Business Administration,,,,,,,,,,,en,,False,False,False,https://oauth.cls.sba.gov/robots.txt,False,404.0,text/html,25896.0,,,False,False,https://oauth.cls.sba.gov/sitemap.xml,False,404.0,text/html,25896.0,0.0,0.0,0.0,0.0,0.0,0.0,,False,0.0,0.0,0.0,,0.0,0.0,dns_resolution_error,,,
map.sba.gov,sba.gov,.gov,,,,,,,,,,,Small Business Administration,Small Business Administration,Executive,,"[""pulse""]",,2025-01-02T03:15:20.592Z,dns_resolution_error,dns_resolution_error,completed,dns_resolution_error,dns_resolution_error,dns_resolution_error,completed,dns_resolution_error,,False,,,,,,,,,,,,,,,,,,,,False,False,,,,,,,,,,,,,,,,,,,,,,,,,,,,,,,,,,,,,,,,,,,,,dns_resolution_error,,,
sbax.sba.gov,sba.gov,.gov,False,https://sbax.sba.gov/oigcss/,sba.gov,gov,sbax.sba.gov,True,200.0,text/html,True,True,Small Business Administration,Small Business Administration,Executive,False,"[""pulse"",""omb_idea""]",True,2025-01-02T03:46:57.984Z,completed,completed,completed,completed,completed,completed,completed,completed,,False,,,,,False,,False,,,G-logo,,,0.0,,True,0.169076970703125,629.9000000953674,,,True,True,Submit a Complaint,,,,,,,,,,,en,,False,True,False,https://sbax.sba.gov/robots.txt,True,200.0,text/html,930.0,,,True,False,https://sbax.sba.gov/sitemap.xml,True,200.0,text/html,930.0,0.0,0.0,0.0,0.0,0.0,0.0,,False,0.0,0.0,0.0,,0.0,0.0,dns_resolution_error,,,
business.gov,business.gov,.gov,True,https://www.sba.gov/,sba.gov,gov,www.sba.gov,True,200.0,text/html,False,False,Small Business Administration,Small Business Administration,Executive,True,"[""gov"",""pulse""]",,2025-01-02T07:10:06.899Z,completed,completed,completed,completed,completed,completed,completed,completed,,True,amazonaws.com,Drupal,,,True,,True,"{""agency"":""SBA""}",20241218 v8.5 - GA4,"G-wJfHjKkTIogRnJe,G-CSLL4ZEK4L,G-YDH966RR5Y","[""analytics.google.com"",""connect.facebook.net"",""dap.digitalgov.gov"",""www.facebook.com"",""www.google-analytics.com"",""www.googletagmanager.com""]","[""https://analytics.google.com/g/collect"",""https://connect.facebook.net/en_US/fbevents.js"",""https://connect.facebook.net/signals/config/1601132503528457"",""https://dap.digitalgov.gov/Universal-Federated-Analytics-Min.js"",""https://dap.digitalgov.gov/web-vitals/dist/web-vitals.attribution.iife.js"",""https://www.facebook.com/privacy_sandbox/pixel/register/trigger/"",""https://www.facebook.com/tr/"",""https://www.google-analytics.com/privacy-sandbox/register-conversion"",""https://www.googletagmanager.com/a"",""https://www.googletagmanager.com/gtag/js"",""https://www.googletagmanager.com/gtm.js""]",6.0,"["".sba.gov""]",True,0.0,1678.3000001907349,"[""about"",""fear"",""foia"",""inspector"",""privacy"",""usa.gov"",""/es""]","[""accessibility"",""budget and performance"",""no fear act"",""foia"",""freedom of information act"",""inspector general"",""privacy policy"",""usa.gov"",""español""]",False,True,Small Business Administration,"We support America's small businesses. The SBA connects entrepreneurs with lenders and funding to help them plan, start and grow their business.",,,,,,https://www.sba.gov/themes/custom/sba/dist/img/social/SBASEOImage.jpg,,,https://www.sba.gov/,en,"en,es",True,True,True,https://www.sba.gov/robots.txt,True,200.0,text/plain,2127.0,,,True,True,https://www.sba.gov/sitemap.xml,True,200.0,text/xml,1425.0,0.0,0.0,20.0,0.0,0.0,1.0,"[""usa-accordion"",""usa-alert"",""usa-banner"",""usa-banner-inner"",""usa-button"",""usa-card"",""usa-card-group"",""usa-footer"",""usa-form"",""usa-header"",""usa-hero"",""usa-input"",""usa-input-required"",""usa-label"",""usa-list"",""usa-logo"",""usa-megamenu"",""usa-menu-btn"",""usa-nav"",""usa-navbar"",""usa-overlay"",""usa-prose"",""usa-search"",""usa-site-alert"",""usa-skipnav"",""usa-social-link"",""usa-sr-only""]",True,115.0,8.0,20.0,,0.0,164.0,completed,https://www.business.gov,404.0,
pal.sba.gov,sba.gov,.gov,False,https://pal.sba.gov/,sba.gov,gov,pal.sba.gov,True,200.0,text/html,True,True,Small Business Administration,Small Business Administration,Executive,True,"[""omb_idea""]",True,2025-01-02T01:24:54.677Z,completed,completed,completed,completed,completed,completed,completed,completed,,False,,,,,False,,False,,,,,,0.0,"[""pal.sba.gov""]",False,0.0,762.1999998092651,,,True,True,SBA Public Access Link,,,,,,,,,,,en-us,,False,False,False,https://pal.sba.gov/robots.txt,False,404.0,text/html,,,,False,False,https://pal.sba.gov/sitemap.xml,False,404.0,text/html,,,,0.0,0.0,0.0,0.0,,False,0.0,0.0,0.0,,0.0,0.0,dns_resolution_error,,,
www.business.gov,business.gov,.gov,False,https://www.business.gov/,business.gov,gov,www.business.gov,False,404.0,text/plain,True,True,Small Business Administration,Small Business Administration,Executive,True,"[""gov"",""2020_eot""]",,2025-01-02T04:29:46.710Z,completed,completed,completed,completed,completed,completed,unknown_error,completed,"{""page-titled"":1,""language"":1}",False,amazonaws.com,,,,False,,False,,,,,,0.0,,False,0.0,91.90000009536745,,,,,,,,,,,,,,,,,,False,False,False,https://www.business.gov/robots.txt,False,404.0,text/plain,,,,False,False,https://www.business.gov/sitemap.xml,False,404.0,text/plain,,,,0.0,0.0,0.0,0.0,,False,0.0,0.0,0.0,,0.0,0.0,dns_resolution_error,,,
wakizashi.www.sba.gov,sba.gov,.gov,False,https://wakizashi.www.sba.gov/,sba.gov,gov,wakizashi.www.sba.gov,False,503.0,text/html,True,True,Small Business Administration,Small Business Administration,Executive,False,"[""pulse""]",,2025-01-02T05:20:10.196Z,completed,completed,completed,completed,completed,completed,unknown_error,completed,"{""language"":1}",False,amazonaws.com,,,,False,,False,,,,,,0.0,,False,0.0,88.5,,,,,503 Service Temporarily Unavailable,,,,,,,,,,,,,False,False,False,https://wakizashi.www.sba.gov/robots.txt,False,503.0,text/html,,,,False,False,https://wakizashi.www.sba.gov/sitemap.xml,False,503.0,text/html,,,,0.0,0.0,0.0,0.0,,False,0.0,0.0,0.0,,0.0,0.0,dns_resolution_error,,,
enile.sba.gov,sba.gov,.gov,,,,,,,,,,,Small Business Administration,Small Business Administration,Executive,,"[""pulse""]",,2025-01-02T08:07:19.267Z,timeout,timeout,completed,timeout,timeout,timeout,completed,timeout,,False,,,,,,,,,,,,,,,,,,,,False,False,,,,,,,,,,,,,,,,,,,,,,,,,,,,,,,,,,,,,,,,,,,,,dns_resolution_error,,,
advocacy.sba.gov,sba.gov,.gov,False,https://advocacy.sba.gov/,sba.gov,gov,advocacy.sba.gov,True,200.0,text/html,True,True,Small Business Administration,Small Business Administration,Executive,True,"[""pulse"",""omb_idea"",""gov_man""]",True,2025-01-02T07:22:17.468Z,completed,completed,completed,completed,completed,completed,completed,completed,,True,cloudfront.net,WordPress,,,True,,False,,,"UA-19362636-2,G-12D3CTBLTJ","[""fonts.googleapis.com"",""fonts.gstatic.com"",""www.google-analytics.com"",""www.googletagmanager.com""]","[""https://fonts.googleapis.com/css"",""https://fonts.gstatic.com/s/sourcesanspro/v22/6xK3dSBYKcSV-LCoeQqfX1RYOo3qOK7lujVj9w.woff2"",""https://fonts.gstatic.com/s/sourcesanspro/v22/6xKydSBYKcSV-LCoeQqfX1RYOo3i54rwlxdu3cOWxw.woff2"",""https://www.google-analytics.com/analytics.js"",""https://www.google-analytics.com/collect"",""https://www.googletagmanager.com/gtag/js""]",4.0,"["".sba.gov""]",True,0.0390160167236328,1146.3000001907349,"[""about""]","[""accessibility""]",True,True,Office of Advocacy – The independent voice for small businesses and entities.,,,Office of Advocacy,The independent voice for small businesses and entities.,,,,website,https://advocacy.sba.gov/,https://advocacy.sba.gov/,en-US,x-default,True,True,False,https://advocacy.sba.gov/robots.txt,True,200.0,text/plain,117.0,,"[""https://advocacy.sba.gov/wp-sitemap.xml""]",False,True,https://advocacy.sba.gov/wp-sitemap.xml,True,200.0,application/xml,,,,0.0,0.0,0.0,0.0,,False,0.0,0.0,0.0,,0.0,0.0,dns_resolution_error,,,
ww.sba.gov,sba.gov,.gov,,,,,,,,,,,Small Business Administration,Small Business Administration,Executive,,"[""oira""]",,2025-01-02T07:45:24.626Z,dns_resolution_error,dns_resolution_error,completed,dns_resolution_error,dns_resolution_error,dns_resolution_error,unknown_error,dns_resolution_error,,False,,,,,,,,,,,,,,,,,,,,,,,,,,,,,,,,,,,,,,,,,,,,,,,,,,,,,,,,,,,,,,,,,,dns_resolution_error,,,
catweb2.sba.gov,sba.gov,.gov,True,https://catweb2.sba.gov/cls/dsp_login.cfm,sba.gov,gov,catweb2.sba.gov,True,200.0,text/html,True,True,Small Business Administration,Small Business Administration,Executive,True,"[""pulse"",""omb_idea""]",False,2025-01-02T06:33:55.838Z,completed,page_frame_not_ready,completed,completed,completed,completed,completed,completed,,False,,,,"[""\""password\"""",""type=\""password\""""]",False,,False,,,,,,0.0,"[""catweb2.sba.gov""]",True,0.0461286542154947,704.8000001907349,,"[""accessibility""]",True,True,Capital Access Financial System,,,,,,,,,,,en-US,,True,False,False,https://catweb2.sba.gov/robots.txt,False,404.0,text/html,,,,False,False,https://catweb2.sba.gov/sitemap.xml,False,404.0,text/html,,,,0.0,0.0,0.0,0.0,,False,0.0,0.0,0.0,,0.0,0.0,dns_resolution_error,,,
www.sba.gov,sba.gov,.gov,False,https://www.sba.gov/,sba.gov,gov,www.sba.gov,True,200.0,text/html,True,True,Small Business Administration,Small Business Administration,Executive,True,"[""gov"",""dap"",""2020_eot"",""usagov"",""gov_man"",""oira""]",,2025-01-02T06:16:42.187Z,completed,completed,completed,completed,completed,completed,unknown_error,completed,,True,cloudfront.net,Drupal,,,True,,True,"{""agency"":""SBA""}",20241218 v8.5 - GA4,"G-wJfHjKkTIogRnJe,G-CSLL4ZEK4L,G-YDH966RR5Y","[""analytics.google.com"",""connect.facebook.net"",""dap.digitalgov.gov"",""www.facebook.com"",""www.google-analytics.com"",""www.googletagmanager.com""]","[""https://analytics.google.com/g/collect"",""https://connect.facebook.net/en_US/fbevents.js"",""https://connect.facebook.net/signals/config/1601132503528457"",""https://dap.digitalgov.gov/Universal-Federated-Analytics-Min.js"",""https://dap.digitalgov.gov/web-vitals/dist/web-vitals.attribution.iife.js"",""https://www.facebook.com/privacy_sandbox/pixel/register/trigger/"",""https://www.facebook.com/tr/"",""https://www.google-analytics.com/privacy-sandbox/register-conversion"",""https://www.googletagmanager.com/gtag/js"",""https://www.googletagmanager.com/gtm.js""]",6.0,"["".sba.gov""]",True,0.0,865.3000001907349,"[""about"",""fear"",""foia"",""inspector"",""privacy"",""usa.gov"",""/es""]","[""accessibility"",""budget and performance"",""no fear act"",""foia"",""freedom of information act"",""inspector general"",""privacy policy"",""usa.gov"",""español""]",,,Small Business Administration,"We support America's small businesses. The SBA connects entrepreneurs with lenders and funding to help them plan, start and grow their business.",,,,,,https://www.sba.gov/themes/custom/sba/dist/img/social/SBASEOImage.jpg,,,https://www.sba.gov/,en,"en,es",True,True,False,https://www.sba.gov/robots.txt,True,200.0,text/plain,2127.0,,,True,False,https://www.sba.gov/sitemap.xml,True,200.0,text/xml,1425.0,0.0,0.0,20.0,0.0,0.0,1.0,"[""usa-accordion"",""usa-alert"",""usa-banner"",""usa-banner-inner"",""usa-button"",""usa-card"",""usa-card-group"",""usa-footer"",""usa-form"",""usa-header"",""usa-hero"",""usa-input"",""usa-input-required"",""usa-label"",""usa-list"",""usa-logo"",""usa-megamenu"",""usa-menu-btn"",""usa-nav"",""usa-navbar"",""usa-overlay"",""usa-prose"",""usa-search"",""usa-site-alert"",""usa-skipnav"",""usa-social-link"",""usa-sr-only""]",True,115.0,8.0,20.0,,0.0,164.0,dns_resolution_error,,,
caweb.sba.gov,sba.gov,.gov,True,https://caweb.sba.gov/cls/dsp_login.cfm,sba.gov,gov,caweb.sba.gov,True,200.0,text/html,True,True,Small Business Administration,Small Business Administration,Executive,True,"[""pulse"",""omb_idea"",""oira""]",True,2025-01-02T07:53:20.872Z,completed,page_frame_not_ready,completed,completed,completed,completed,completed,completed,,False,,,,"[""\""password\"""",""type=\""password\""""]",False,,False,,,,,,0.0,"[""caweb.sba.gov""]",True,0.048544855875651,709.9000000953674,,"[""accessibility""]",True,True,Capital Access Financial System,,,,,,,,,,,en-US,,True,False,False,https://caweb.sba.gov/robots.txt,False,404.0,text/html,,,,False,False,https://caweb.sba.gov/sitemap.xml,False,404.0,text/html,,,,0.0,0.0,0.0,0.0,,False,0.0,0.0,0.0,,0.0,0.0,dns_resolution_error,,,
nwbc.gov,nwbc.gov,.gov,True,https://www.nwbc.gov/,nwbc.gov,gov,www.nwbc.gov,True,200.0,text/html,True,False,Small Business Administration,Small Business Administration,Executive,True,"[""gov"",""pulse"",""omb_idea""]",True,2025-01-02T02:23:33.746Z,completed,completed,completed,completed,completed,completed,completed,completed,,False,amazonaws.com,WordPress,,,True,,False,,,"UA-105080723-1,G-81QS67YP6T","[""code.jquery.com"",""fonts.googleapis.com"",""fonts.gstatic.com"",""googleads.g.doubleclick.net"",""i.ytimg.com"",""invalid"",""jnn-pa.googleapis.com"",""play.google.com"",""search.nwbc.gov"",""static.doubleclick.net"",""www.google-analytics.com"",""www.google.com"",""www.googletagmanager.com"",""www.gstatic.com"",""www.youtube.com""]","[""https://code.jquery.com/jquery-3.7.1.min.js"",""https://code.jquery.com/jquery-migrate-1.2.1.min.js"",""https://fonts.googleapis.com/css"",""https://fonts.googleapis.com/css2"",""https://fonts.gstatic.com/s/montserrat/v29/JTUSjIg1_i6t8kCHKm459WlhyyTh89Y.woff2"",""https://fonts.gstatic.com/s/roboto/v18/KFOlCnqEu92Fr1MmEU9fBBc4AMP6lQ.woff2"",""https://fonts.gstatic.com/s/roboto/v18/KFOmCnqEu92Fr1Mu4mxKKTU1Kg.woff2"",""https://googleads.g.doubleclick.net/pagead/id"",""https://i.ytimg.com/vi_webp/v4vb0YG1rlo/default.webp"",""https://jnn-pa.googleapis.com/$rpc/google.internal.waa.v1.Waa/Create"",""https://jnn-pa.googleapis.com/$rpc/google.internal.waa.v1.Waa/GenerateIT"",""https://play.google.com/log"",""https://search.nwbc.gov/assets/sayt_loader.js"",""https://search.nwbc.gov/javascripts/remote.loader.js"",""https://static.doubleclick.net/instream/ad_status.js"",""https://www.google-analytics.com/analytics.js"",""https://www.google-analytics.com/collect"",""https://www.google.com/js/th/8p-ZUt2O_r6IumY5TzUY2RZ4QvEtVfvf_MYYDjqPK3M.js"",""https://www.googletagmanager.com/gtag/js"",""https://www.gstatic.com/cv/js/sender/v1/cast_sender.js"",""https://www.youtube.com/generate_204"",""https://www.youtube.com/s/player/03dbdfab/player_ias.vflset/en_US/base.js"",""https://www.youtube.com/s/player/03dbdfab/player_ias.vflset/en_US/embed.js"",""https://www.youtube.com/s/player/03dbdfab/player_ias.vflset/en_US/remote.js"",""https://www.youtube.com/s/player/03dbdfab/www-embed-player.vflset/www-embed-player.js"",""https://www.youtube.com/s/player/03dbdfab/www-player.css""]",15.0,"["".nwbc.gov""]",True,0.0072206829833984,839.4000000953674,"[""about"",""privacy""]","[""about us"",""privacy policy""]",True,True,Home - NWBC,NWBC,,,,,,,,,https://www.nwbc.gov/,en-US,,True,True,True,https://www.nwbc.gov/robots.txt,True,200.0,text/plain,202.0,,"[""https://www.nwbc.gov/sitemap_index.xml""]",False,True,https://www.nwbc.gov/sitemap_index.xml,True,200.0,text/xml,,,,20.0,0.0,0.0,0.0,"[""usa-accordion"",""usa-banner"",""usa-button"",""usa-footer"",""usa-header"",""usa-input"",""usa-logo"",""usa-menu-btn"",""usa-nav"",""usa-navbar"",""usa-overlay"",""usa-search"",""usa-section"",""usa-social-link"",""usa-sr-only""]",True,35.0,13.0,20.0,v3.6.0,100.0,188.0,completed,https://www.nwbc.gov,200.0,Home - NWBC
data.sba.gov,sba.gov,.gov,False,https://data.sba.gov/,sba.gov,gov,data.sba.gov,True,200.0,text/html,True,True,Small Business Administration,Small Business Administration,Executive,True,"[""omb_idea""]",True,2025-01-02T07:41:54.927Z,completed,completed,completed,completed,completed,completed,completed,completed,,False,cloudfront.net,,,,True,,False,,,"UA-19362636-3,G-2BY5GEQ0E3","[""www.google-analytics.com"",""www.googletagmanager.com""]","[""https://www.google-analytics.com/analytics.js"",""https://www.google-analytics.com/collect"",""https://www.googletagmanager.com/gtag/js""]",2.0,"["".sba.gov"",""data.sba.gov""]",True,0.0,141.5,"[""about"",""foia""]","[""accessibility"",""foia""]",True,False,Welcome - U.S. Small Business Administration (SBA) | Open Data,,,,,,,,,,,en,,False,True,False,https://data.sba.gov/robots.txt,True,200.0,text/plain,140.0,10.0,,False,False,https://data.sba.gov/sitemap.xml,False,404.0,text/html,,,,0.0,0.0,0.0,0.0,,False,0.0,0.0,0.0,,0.0,0.0,dns_resolution_error,,,
content.sba.gov,sba.gov,.gov,,,,,,,,,,,Small Business Administration,Small Business Administration,Executive,,"[""pulse""]",,2025-01-02T01:21:22.356Z,dns_resolution_error,dns_resolution_error,completed,dns_resolution_error,dns_resolution_error,dns_resolution_error,completed,dns_resolution_error,,False,,,,,,,,,,,,,,,,,,,,True,False,503 Service Temporarily Unavailable,,,,,,,,,,,,,,,,,,,,,,,,,,,,,,,,,,,,,,,,,,,,dns_resolution_error,,,
catran.sba.gov,sba.gov,.gov,False,https://catran.sba.gov/ftadistapps/ftawiki/index.cfm,sba.gov,gov,catran.sba.gov,True,200.0,text/html,True,True,Small Business Administration,Small Business Administration,Executive,True,"[""pulse"",""omb_idea""]",True,2025-01-01T07:55:24.583Z,completed,execution_context_destroyed,completed,completed,completed,completed,completed,completed,,False,,,,,True,,False,,,UA-33523145-1,"[""ssl.google-analytics.com""]","[""https://ssl.google-analytics.com/__utm.gif"",""https://ssl.google-analytics.com/ga.js""]",1.0,"["".catran.sba.gov""]",False,0.045118236328125,857.1999998092651,,,True,True,FTA Wiki,,,,,,,,,,,en-US,,True,False,False,https://catran.sba.gov/robots.txt,False,404.0,text/html,,,,False,False,https://catran.sba.gov/sitemap.xml,False,404.0,text/html,,,,0.0,0.0,0.0,0.0,,False,0.0,0.0,0.0,,0.0,0.0,dns_resolution_error,,,
appointment.sba.gov,sba.gov,.gov,False,https://appointment.sba.gov/,sba.gov,gov,appointment.sba.gov,True,200.0,text/html,True,True,Small Business Administration,Small Business Administration,Executive,True,"[""omb_idea""]",True,2025-01-02T07:42:46.566Z,completed,completed,completed,completed,completed,completed,completed,completed,"{""link-purpose"":1}",True,,,,,False,,False,,,,"[""eastus-8.in.applicationinsights.azure.com"",""gov.content.powerapps.us"",""js.monitor.azure.com""]","[""https://eastus-8.in.applicationinsights.azure.com//v2/track"",""https://gov.content.powerapps.us/resource/powerappsportal/controls/host/170.c9e6b9a6e9.chunk.js"",""https://gov.content.powerapps.us/resource/powerappsportal/controls/host/243.37970f022e.chunk.js"",""https://gov.content.powerapps.us/resource/powerappsportal/controls/host/448.462407f435.chunk.js"",""https://gov.content.powerapps.us/resource/powerappsportal/controls/host/559.69ac38aa0b.chunk.js"",""https://gov.content.powerapps.us/resource/powerappsportal/controls/host/573.676281aef2.chunk.js"",""https://gov.content.powerapps.us/resource/powerappsportal/controls/host/811.78b4e2ed97.chunk.js"",""https://gov.content.powerapps.us/resource/powerappsportal/controls/host/867.0578a1c628.chunk.js"",""https://gov.content.powerapps.us/resource/powerappsportal/controls/host/874.d64d28bc67.chunk.js"",""https://gov.content.powerapps.us/resource/powerappsportal/controls/host/90.24327273f1.chunk.js"",""https://gov.content.powerapps.us/resource/powerappsportal/controls/host/main.e9930a0a5c.chunk.js"",""https://gov.content.powerapps.us/resource/powerappsportal/controls/mf_shared/451.6012e266c2.chunk.js"",""https://gov.content.powerapps.us/resource/powerappsportal/controls/mf_shared/465.b7a24572be.chunk.js"",""https://gov.content.powerapps.us/resource/powerappsportal/controls/mf_shared/753.68a8bfd654.chunk.js"",""https://gov.content.powerapps.us/resource/powerappsportal/controls/mf_shared/remoteEntry.29aa95dc3b.js"",""https://gov.content.powerapps.us/resource/powerappsportal/dist/app.bundle-dad47d7e41.js"",""https://gov.content.powerapps.us/resource/powerappsportal/dist/bootstrap.bundle-105a4995b8.js"",""https://gov.content.powerapps.us/resource/powerappsportal/dist/client-telemetry-wrapper.bundle-633e70f51b.js"",""https://gov.content.powerapps.us/resource/powerappsportal/dist/client-telemetry.bundle-c71b2e2d47.js"",""https://gov.content.powerapps.us/resource/powerappsportal/dist/default-1033.moment_2_29_4.bundle-eda4e638fd.js""]",3.0,"["".appointment.sba.gov"",""appointment.sba.gov""]",True,0.0,690.3999996185303,"[""about"",""privacy""]","[""accessibility"",""privacy policy""]",True,True,Home - SBA DRC,,,,,,,,,,,en-US,,False,False,False,https://appointment.sba.gov/robots.txt,False,404.0,text/html,,,,False,False,https://appointment.sba.gov/sitemap.xml,False,404.0,text/html,,,,0.0,0.0,0.0,0.0,,False,0.0,0.0,0.0,,0.0,0.0,dns_resolution_error,,,
sba.gov,sba.gov,.gov,True,https://www.sba.gov/,sba.gov,gov,www.sba.gov,True,200.0,text/html,True,False,Small Business Administration,Small Business Administration,Executive,True,"[""gov"",""pulse"",""omb_idea""]",True,2025-01-02T07:43:03.111Z,completed,completed,completed,completed,completed,completed,completed,completed,,False,amazonaws.com,Drupal,,,True,,True,"{""agency"":""SBA""}",20241218 v8.5 - GA4,"G-wJfHjKkTIogRnJe,G-CSLL4ZEK4L,G-YDH966RR5Y","[""analytics.google.com"",""connect.facebook.net"",""dap.digitalgov.gov"",""www.facebook.com"",""www.google-analytics.com"",""www.googletagmanager.com""]","[""https://analytics.google.com/g/collect"",""https://connect.facebook.net/en_US/fbevents.js"",""https://connect.facebook.net/signals/config/1601132503528457"",""https://dap.digitalgov.gov/Universal-Federated-Analytics-Min.js"",""https://dap.digitalgov.gov/web-vitals/dist/web-vitals.attribution.iife.js"",""https://www.facebook.com/privacy_sandbox/pixel/register/trigger/"",""https://www.facebook.com/tr/"",""https://www.google-analytics.com/privacy-sandbox/register-conversion"",""https://www.googletagmanager.com/gtag/js"",""https://www.googletagmanager.com/gtm.js""]",6.0,"["".sba.gov""]",True,0.0,818.7000002861023,"[""about"",""fear"",""foia"",""inspector"",""privacy"",""usa.gov"",""/es""]","[""accessibility"",""budget and performance"",""no fear act"",""foia"",""freedom of information act"",""inspector general"",""privacy policy"",""usa.gov"",""español""]",True,True,Small Business Administration,"We support America's small businesses. The SBA connects entrepreneurs with lenders and funding to help them plan, start and grow their business.",,,,,,https://www.sba.gov/themes/custom/sba/dist/img/social/SBASEOImage.jpg,,,https://www.sba.gov/,en,"en,es",True,True,True,https://www.sba.gov/robots.txt,True,200.0,text/plain,2127.0,,,True,True,https://www.sba.gov/sitemap.xml,True,200.0,text/xml,535.0,0.0,0.0,20.0,0.0,0.0,1.0,"[""usa-accordion"",""usa-alert"",""usa-banner"",""usa-banner-inner"",""usa-button"",""usa-card"",""usa-card-group"",""usa-footer"",""usa-form"",""usa-header"",""usa-hero"",""usa-input"",""usa-input-required"",""usa-label"",""usa-list"",""usa-logo"",""usa-megamenu"",""usa-menu-btn"",""usa-nav"",""usa-navbar"",""usa-overlay"",""usa-prose"",""usa-search"",""usa-site-alert"",""usa-skipnav"",""usa-social-link"",""usa-sr-only""]",True,115.0,8.0,20.0,,0.0,164.0,completed,https://www.sba.gov,200.0,Small Business Administration
wosb.certify.sba.gov,sba.gov,.gov,False,https://wosb.certify.sba.gov/,sba.gov,gov,wosb.certify.sba.gov,True,200.0,text/html,True,True,Small Business Administration,Small Business Administration,Executive,True,"[""omb_idea""]",True,2025-01-02T07:43:53.730Z,completed,completed,completed,completed,completed,completed,completed,completed,,True,,,,,False,,False,,,G-JZYF0HX06G,"[""cdnjs.cloudflare.com"",""code.jquery.com"",""gov.content.powerapps.us"",""maxcdn.bootstrapcdn.com"",""stackpath.bootstrapcdn.com"",""www.googletagmanager.com""]","[""https://cdnjs.cloudflare.com/ajax/libs/font-awesome/6.2.0/css/all.min.css"",""https://cdnjs.cloudflare.com/ajax/libs/popper.js/1.14.7/umd/popper.min.js"",""https://code.jquery.com/jquery-3.6.0.min.js"",""https://gov.content.powerapps.us/resource/powerappsportal/controls/host/170.c9e6b9a6e9.chunk.js"",""https://gov.content.powerapps.us/resource/powerappsportal/controls/host/243.37970f022e.chunk.js"",""https://gov.content.powerapps.us/resource/powerappsportal/controls/host/448.462407f435.chunk.js"",""https://gov.content.powerapps.us/resource/powerappsportal/controls/host/559.69ac38aa0b.chunk.js"",""https://gov.content.powerapps.us/resource/powerappsportal/controls/host/573.676281aef2.chunk.js"",""https://gov.content.powerapps.us/resource/powerappsportal/controls/host/811.78b4e2ed97.chunk.js"",""https://gov.content.powerapps.us/resource/powerappsportal/controls/host/867.0578a1c628.chunk.js"",""https://gov.content.powerapps.us/resource/powerappsportal/controls/host/874.d64d28bc67.chunk.js"",""https://gov.content.powerapps.us/resource/powerappsportal/controls/host/90.24327273f1.chunk.js"",""https://gov.content.powerapps.us/resource/powerappsportal/controls/host/main.e9930a0a5c.chunk.js"",""https://gov.content.powerapps.us/resource/powerappsportal/controls/mf_shared/451.6012e266c2.chunk.js"",""https://gov.content.powerapps.us/resource/powerappsportal/controls/mf_shared/465.b7a24572be.chunk.js"",""https://gov.content.powerapps.us/resource/powerappsportal/controls/mf_shared/753.68a8bfd654.chunk.js"",""https://gov.content.powerapps.us/resource/powerappsportal/controls/mf_shared/remoteEntry.29aa95dc3b.js"",""https://gov.content.powerapps.us/resource/powerappsportal/dist/app.bundle-dad47d7e41.js"",""https://gov.content.powerapps.us/resource/powerappsportal/dist/bootstrap.bundle-105a4995b8.js"",""https://gov.content.powerapps.us/resource/powerappsportal/dist/client-telemetry-wrapper.bundle-633e70f51b.js"",""https://gov.content.powerapps.us/resource/powerappsportal/dist/client-telemetry.bundle-c71b2e2d47.js""]",6.0,"["".sba.gov"","".wosb.certify.sba.gov"",""wosb.certify.sba.gov""]",True,0.0174764322916666,617.2000002861023,"[""about"",""usa.gov""]","[""accessibility"",""usa.gov""]",True,True,Home  · WOSB.Certify.sba.gov,,,,,,,,,,,en-US,,False,False,False,https://wosb.certify.sba.gov/robots.txt,False,404.0,text/html,0.0,,,False,False,https://wosb.certify.sba.gov/sitemap.xml,False,404.0,text/html,0.0,0.0,0.0,20.0,0.0,0.0,6.0,"[""usa-accordion"",""usa-accordion-button"",""usa-accordion-content"",""usa-banner"",""usa-banner-button"",""usa-banner-button-text"",""usa-banner-content"",""usa-banner-guidance-gov"",""usa-banner-guidance-ssl"",""usa-banner-header"",""usa-button"",""usa-disclaimer-stage"",""usa-footer"",""usa-footer-contact-heading"",""usa-footer-contact-links"",""usa-footer-logo"",""usa-footer-medium"",""usa-footer-nav"",""usa-footer-primary-content"",""usa-footer-primary-link"",""usa-footer-primary-section"",""usa-footer-secondary_section"",""usa-grid"",""usa-grid-full"",""usa-header"",""usa-header-extended"",""usa-logo"",""usa-media_block-body"",""usa-text-small"",""usa-unstyled-list"",""usa-width-one-half"",""usa-width-one-sixth""]",True,35.0,0.0,20.0,,0.0,81.0,dns_resolution_error,,,
eweb.sba.gov,sba.gov,.gov,False,https://eweb.sba.gov/,sba.gov,gov,eweb.sba.gov,True,200.0,text/html,True,True,Small Business Administration,Small Business Administration,Executive,False,"[""pulse"",""omb_idea""]",False,2025-01-02T06:40:07.368Z,completed,completed,completed,completed,completed,completed,completed,completed,"{""contrast"":1}",True,,,login.gov,,False,,False,,,"G-5049Y4S3B8,UA-220620766-1,G-FYE87ZT6SG","[""cdn.jsdelivr.net"",""cdnjs.cloudflare.com"",""netdna.bootstrapcdn.com"",""use.fontawesome.com"",""www.google-analytics.com"",""www.googletagmanager.com""]","[""https://cdn.jsdelivr.net/npm/bootstrap@5.1.2/dist/js/bootstrap.bundle.min.js"",""https://cdnjs.cloudflare.com/ajax/libs/popper.js/1.11.0/umd/popper.min.js"",""https://netdna.bootstrapcdn.com/font-awesome/4.1.0/css/font-awesome.min.css"",""https://netdna.bootstrapcdn.com/font-awesome/4.1.0/fonts/fontawesome-webfont.woff"",""https://use.fontawesome.com/releases/v5.13.0/css/all.css"",""https://www.google-analytics.com/analytics.js"",""https://www.google-analytics.com/collect"",""https://www.google-analytics.com/g/collect"",""https://www.googletagmanager.com/gtag/js""]",6.0,"["".sba.gov"",""eweb.sba.gov""]",False,4.51069335937e-05,858.3000001907349,"[""about"",""fear"",""foia"",""inspector"",""privacy"",""usa.gov"",""espanol"",""/es""]","[""accessibility"",""no fear act"",""freedom of information act"",""inspector general"",""privacy policy"",""usa.gov"",""español"",""spanish""]",True,True,SBA Connect,,,,,,,,,,,en,,True,False,False,https://eweb.sba.gov/robots.txt,False,404.0,text/html,,,,False,False,https://eweb.sba.gov/sitemap.xml,False,404.0,text/html,,,,0.0,0.0,0.0,0.0,,False,0.0,0.0,0.0,,0.0,0.0,dns_resolution_error,,,
cloudfront.sba.gov,sba.gov,.gov,,,,,,,,,,,Small Business Administration,Small Business Administration,Executive,,"[""omb_idea""]",False,2025-01-02T01:41:25.067Z,dns_resolution_error,dns_resolution_error,completed,dns_resolution_error,dns_resolution_error,dns_resolution_error,completed,dns_resolution_error,,False,,,,,,,,,,,,,,,,,,,,False,False,,,,,,,,,,,,,,,,,,,,,,,,,,,,,,,,,,,,,,,,,,,,,dns_resolution_error,,,
my.sba.gov,sba.gov,.gov,False,https://my.sba.gov/,sba.gov,gov,my.sba.gov,True,200.0,text/html,True,True,Small Business Administration,Small Business Administration,Executive,False,"[""omb_idea""]",True,2025-01-02T02:43:59.176Z,completed,completed,completed,completed,completed,completed,completed,completed,,True,cloudfront.net,,,,False,,True,"{""agency"":""SBA""}",20241218 v8.5 - GA4,G-CSLL4ZEK4L,"[""dap.digitalgov.gov"",""oauth.cls.sba.gov"",""www.googletagmanager.com""]","[""https://dap.digitalgov.gov/Universal-Federated-Analytics-Min.js"",""https://dap.digitalgov.gov/web-vitals/dist/web-vitals.attribution.iife.js"",""https://oauth.cls.sba.gov/api/current-user-details"",""https://www.googletagmanager.com/gtag/js""]",3.0,"["".sba.gov""]",True,0.4859123874511719,233.09999990463257,,,True,True,MySBA Home,,,,,,,,,,,en,,False,False,False,https://my.sba.gov/,True,200.0,text/html,575.0,,,False,False,https://my.sba.gov/,True,200.0,text/html,,,,0.0,0.0,40.0,0.0,"[""usa-accordion"",""usa-alert"",""usa-banner"",""usa-button"",""usa-language-container""]",True,25.0,0.0,20.0,v3.8.2,100.0,185.0,dns_resolution_error,,,
www.sbir.gov,sbir.gov,.gov,False,https://www.sbir.gov/,sbir.gov,gov,www.sbir.gov,True,200.0,text/html,True,True,Small Business Administration,SBA-Office of Innovation & Technology,Executive,True,"[""gov"",""dap"",""2020_eot""]",,2025-01-02T02:43:28.870Z,completed,completed,completed,completed,completed,completed,unknown_error,completed,,True,amazonaws.com,Drupal,,,False,,False,,,G-2JN1MJTXM1,"[""www.googletagmanager.com""]","[""https://www.googletagmanager.com/gtag/js""]",1.0,"["".sbir.gov""]",True,0.2279194039713541,343.59999990463257,"[""about"",""inspector"",""privacy"",""usa.gov""]","[""accessibility"",""inspector general"",""privacy policy"",""usa.gov""]",,,Home | SBIR,,,,,,,,,,,en,,True,True,False,https://www.sbir.gov/robots.txt,True,200.0,text/plain,1586.0,,,False,False,https://www.sbir.gov/sitemap.xml,False,404.0,text/html,,,,20.0,0.0,0.0,0.0,"[""usa-accordion"",""usa-banner"",""usa-button"",""usa-card-group"",""usa-footer"",""usa-header"",""usa-menu-btn"",""usa-nav"",""usa-nav-container"",""usa-navbar"",""usa-skipnav"",""usa-social-link"",""usa-sr-only"",""usa-step-indicator""]",True,50.0,2.0,20.0,,0.0,92.0,dns_resolution_error,,,
