target_url,target_url_domain,target_url_top_level_domain,target_url_redirects,final_url,final_url_domain,final_url_top_level_domain,final_url_website,final_url_live,final_url_status_code,final_url_media_type,final_url_same_domain,final_url_same_website,target_url_agency_owner,target_url_bureau_owner,target_url_branch,target_url_404_test,source_list,public,scan_date,primary_scan_status,accessibility_scan_status,dns_scan_status,not_found_scan_status,performance_scan_status,robots_txt_scan_status,security_scan_status,sitemap_xml_scan_status,ipv6,hostname,cms,login_provider,login,site_search,search_dot_gov,dap,dap_parameters,dap_version,ga_tag_id,third_party_service_domains,third_party_service_urls,third_party_service_count,cookie_domains,viewport_meta_tag,cumulative_layout_shift,largest_contentful_paint,required_links_url,required_links_text,https_enforced,hsts,title,description,keywords,og_title,og_description,og_article_published,og_article_modified,og_image,og_type,og_url,canonical_link,language,language_link,main_element_present,robots_txt_detected,robots_txt_target_url_redirects,robots_txt_final_url,robots_txt_final_url_live,robots_txt_final_url_status_code,robots_txt_final_url_media_type,robots_txt_final_url_filesize,robots_txt_crawl_delay,robots_txt_sitemap_locations,sitemap_xml_detected,sitemap_xml_target_url_redirects,sitemap_xml_final_url,sitemap_xml_final_url_live,sitemap_xml_final_url_status_code,sitemap_xml_final_url_media_type,sitemap_xml_final_url_filesize,sitemap_xml_count,sitemap_xml_pdf_count,uswds_favicon,uswds_favicon_in_css,uswds_publicsans_font,uswds_inpage_css,uswds_usa_class_list,uswds_banner_heres_how,uswds_usa_classes,uswds_string,uswds_string_in_css,uswds_semantic_version,uswds_version,uswds_count
dfc.gov,dfc.gov,.gov,True,https://www.dfc.gov/,dfc.gov,gov,www.dfc.gov,True,200.0,text/html,True,False,United States International Development Finance Corporation,US International Development Finance Corporation,Executive,True,"[""gov"",""pulse"",""omb_idea""]",True,2024-09-23T05:52:45.074Z,completed,unknown_error,completed,completed,completed,completed,completed,completed,False,amazonaws.com,Drupal,,,True,,True,"{""agency"":""DFC""}",20240712 v8.2 - GA4,"G-CZF4RDK7QK,G-CSLL4ZEK4L","[""cdn.jsdelivr.net"",""dap.digitalgov.gov"",""fonts.googleapis.com"",""fonts.gstatic.com"",""googleads.g.doubleclick.net"",""listgrowth.ctctcdn.com"",""static.ctctcdn.com"",""www.google-analytics.com"",""www.google.com"",""www.googleadservices.com"",""www.googletagmanager.com"",""www.gstatic.com""]","[""https://cdn.jsdelivr.net/npm/@unicorn-fail/drupal-bootstrap-styles@0.0.2/dist/3.1.1/7.x-3.x/drupal-bootstrap.min.css"",""https://cdn.jsdelivr.net/npm/@unicorn-fail/drupal-bootstrap-styles@0.0.2/dist/3.1.1/8.x-3.x/drupal-bootstrap.min.css"",""https://cdn.jsdelivr.net/npm/@unicorn-fail/drupal-bootstrap-styles@0.0.2/dist/3.2.0/7.x-3.x/drupal-bootstrap.min.css"",""https://cdn.jsdelivr.net/npm/@unicorn-fail/drupal-bootstrap-styles@0.0.2/dist/3.2.0/8.x-3.x/drupal-bootstrap.min.css"",""https://cdn.jsdelivr.net/npm/@unicorn-fail/drupal-bootstrap-styles@0.0.2/dist/3.3.1/7.x-3.x/drupal-bootstrap.min.css"",""https://cdn.jsdelivr.net/npm/@unicorn-fail/drupal-bootstrap-styles@0.0.2/dist/3.3.1/8.x-3.x/drupal-bootstrap.min.css"",""https://cdn.jsdelivr.net/npm/@unicorn-fail/drupal-bootstrap-styles@0.0.2/dist/3.4.0/8.x-3.x/drupal-bootstrap.min.css"",""https://cdn.jsdelivr.net/npm/bootstrap@3.4.1/dist/css/bootstrap.min.css"",""https://cdn.jsdelivr.net/npm/bootstrap@3.4.1/dist/js/bootstrap.min.js"",""https://dap.digitalgov.gov/Universal-Federated-Analytics-Min.js"",""https://fonts.googleapis.com/css"",""https://fonts.gstatic.com/s/inter/v18/UcCO3FwrK3iLTeHuS_nVMrMxCp50SjIw2boKoduKmMEVuFuYAZ9hjp-Ek-_EeA.woff"",""https://fonts.gstatic.com/s/opensans/v40/memvYaGs126MiZpBA-UvWbX2vVnXBbObj2OVTS-mu0SC55I.woff2"",""https://fonts.gstatic.com/s/opensans/v40/memvYaGs126MiZpBA-UvWbX2vVnXBbObj2OVTUGmu0SC55K5gw.woff2"",""https://googleads.g.doubleclick.net/pagead/viewthroughconversion/672110929/"",""https://listgrowth.ctctcdn.com/v1/0eb37dc01ce1ed40c78e6ca251e2da67.json"",""https://static.ctctcdn.com/js/signup-form-widget/current/signup-form-widget.css"",""https://static.ctctcdn.com/js/signup-form-widget/current/signup-form-widget.min.js"",""https://www.google-analytics.com/g/collect"",""https://www.google.com/pagead/1p-conversion/672110929/"",""https://www.google.com/recaptcha/api.js"",""https://www.googleadservices.com/pagead/conversion/672110929/"",""https://www.googletagmanager.com/gtag/destination""]",12.0,"["".dfc.gov""]",True,0.0209311458333333,789.399,"[""foia"",""privacy"",""usa.gov""]","[""about us"",""accessibility"",""foia"",""inspector general"",""vulnerability disclosure"",""usa.gov""]",True,True,DFC | Investing in Development,"The homepage of the DFC, the U.S. government's development finance institution, providing secure private investment opportunities for emerging markets across the globe.","DFC, USDFC, USIDFC, US International Development Finance Corporation, OPIC, USAID, development finance",,,,,,,,https://www.dfc.gov/,en,,False,True,True,https://www.dfc.gov/robots.txt,True,200.0,text/plain,2027.0,,,True,True,https://www.dfc.gov/sitemap.xml,True,200.0,text/xml,159517.0,0.0,0.0,0.0,0.0,0.0,0.0,,False,0.0,0.0,0.0,,0.0,0.0
www.dfc.gov,dfc.gov,.gov,False,https://www.dfc.gov/,dfc.gov,gov,www.dfc.gov,True,200.0,text/html,True,True,United States International Development Finance Corporation,US International Development Finance Corporation,Executive,True,"[""gov"",""dap"",""2020_eot"",""usagov""]",,2024-09-23T01:44:49.596Z,completed,completed,completed,completed,completed,completed,unknown_error,completed,False,amazonaws.com,Drupal,,,True,,True,"{""agency"":""DFC""}",20240712 v8.2 - GA4,"G-CZF4RDK7QK,G-CSLL4ZEK4L","[""cdn.jsdelivr.net"",""dap.digitalgov.gov"",""fonts.googleapis.com"",""fonts.gstatic.com"",""googleads.g.doubleclick.net"",""listgrowth.ctctcdn.com"",""static.ctctcdn.com"",""www.google-analytics.com"",""www.google.com"",""www.googleadservices.com"",""www.googletagmanager.com"",""www.gstatic.com""]","[""https://cdn.jsdelivr.net/npm/@unicorn-fail/drupal-bootstrap-styles@0.0.2/dist/3.1.1/7.x-3.x/drupal-bootstrap.min.css"",""https://cdn.jsdelivr.net/npm/@unicorn-fail/drupal-bootstrap-styles@0.0.2/dist/3.1.1/8.x-3.x/drupal-bootstrap.min.css"",""https://cdn.jsdelivr.net/npm/@unicorn-fail/drupal-bootstrap-styles@0.0.2/dist/3.2.0/7.x-3.x/drupal-bootstrap.min.css"",""https://cdn.jsdelivr.net/npm/@unicorn-fail/drupal-bootstrap-styles@0.0.2/dist/3.2.0/8.x-3.x/drupal-bootstrap.min.css"",""https://cdn.jsdelivr.net/npm/@unicorn-fail/drupal-bootstrap-styles@0.0.2/dist/3.3.1/7.x-3.x/drupal-bootstrap.min.css"",""https://cdn.jsdelivr.net/npm/@unicorn-fail/drupal-bootstrap-styles@0.0.2/dist/3.3.1/8.x-3.x/drupal-bootstrap.min.css"",""https://cdn.jsdelivr.net/npm/@unicorn-fail/drupal-bootstrap-styles@0.0.2/dist/3.4.0/8.x-3.x/drupal-bootstrap.min.css"",""https://cdn.jsdelivr.net/npm/bootstrap@3.4.1/dist/css/bootstrap.min.css"",""https://cdn.jsdelivr.net/npm/bootstrap@3.4.1/dist/js/bootstrap.min.js"",""https://dap.digitalgov.gov/Universal-Federated-Analytics-Min.js"",""https://fonts.googleapis.com/css"",""https://fonts.gstatic.com/s/inter/v18/UcCO3FwrK3iLTeHuS_nVMrMxCp50SjIw2boKoduKmMEVuFuYAZ9hjp-Ek-_EeA.woff"",""https://fonts.gstatic.com/s/opensans/v40/memvYaGs126MiZpBA-UvWbX2vVnXBbObj2OVTS-mu0SC55I.woff2"",""https://fonts.gstatic.com/s/opensans/v40/memvYaGs126MiZpBA-UvWbX2vVnXBbObj2OVTUGmu0SC55K5gw.woff2"",""https://googleads.g.doubleclick.net/pagead/viewthroughconversion/672110929/"",""https://listgrowth.ctctcdn.com/v1/0eb37dc01ce1ed40c78e6ca251e2da67.json"",""https://static.ctctcdn.com/js/signup-form-widget/current/signup-form-widget.css"",""https://static.ctctcdn.com/js/signup-form-widget/current/signup-form-widget.min.js"",""https://www.google-analytics.com/g/collect"",""https://www.google.com/pagead/1p-conversion/672110929/"",""https://www.google.com/recaptcha/api.js"",""https://www.googleadservices.com/pagead/conversion/672110929/"",""https://www.googletagmanager.com/gtag/destination""]",12.0,"["".dfc.gov""]",True,0.0209311458333333,371.399,"[""foia"",""privacy"",""usa.gov""]","[""about us"",""accessibility"",""foia"",""inspector general"",""vulnerability disclosure"",""usa.gov""]",,,DFC | Investing in Development,"The homepage of the DFC, the U.S. government's development finance institution, providing secure private investment opportunities for emerging markets across the globe.","DFC, USDFC, USIDFC, US International Development Finance Corporation, OPIC, USAID, development finance",,,,,,,,https://www.dfc.gov/,en,,False,True,False,https://www.dfc.gov/robots.txt,True,200.0,text/plain,2027.0,,,True,False,https://www.dfc.gov/sitemap.xml,True,200.0,text/xml,159517.0,0.0,0.0,0.0,0.0,0.0,0.0,,False,0.0,0.0,0.0,,0.0,0.0
www.usdfc.gov,usdfc.gov,.gov,True,https://www.dfc.gov/,dfc.gov,gov,www.dfc.gov,True,200.0,text/html,False,False,United States International Development Finance Corporation,US International Development Finance Corporation,Executive,False,"[""gov""]",,2024-09-23T06:29:04.014Z,completed,completed,completed,completed,completed,completed,unknown_error,completed,False,amazonaws.com,Drupal,,,True,,True,"{""agency"":""DFC""}",20240712 v8.2 - GA4,"G-CZF4RDK7QK,G-CSLL4ZEK4L","[""cdn.jsdelivr.net"",""dap.digitalgov.gov"",""fonts.googleapis.com"",""fonts.gstatic.com"",""googleads.g.doubleclick.net"",""listgrowth.ctctcdn.com"",""static.ctctcdn.com"",""www.google-analytics.com"",""www.google.com"",""www.googleadservices.com"",""www.googletagmanager.com"",""www.gstatic.com""]","[""https://cdn.jsdelivr.net/npm/@unicorn-fail/drupal-bootstrap-styles@0.0.2/dist/3.1.1/7.x-3.x/drupal-bootstrap.min.css"",""https://cdn.jsdelivr.net/npm/@unicorn-fail/drupal-bootstrap-styles@0.0.2/dist/3.1.1/8.x-3.x/drupal-bootstrap.min.css"",""https://cdn.jsdelivr.net/npm/@unicorn-fail/drupal-bootstrap-styles@0.0.2/dist/3.2.0/7.x-3.x/drupal-bootstrap.min.css"",""https://cdn.jsdelivr.net/npm/@unicorn-fail/drupal-bootstrap-styles@0.0.2/dist/3.2.0/8.x-3.x/drupal-bootstrap.min.css"",""https://cdn.jsdelivr.net/npm/@unicorn-fail/drupal-bootstrap-styles@0.0.2/dist/3.3.1/7.x-3.x/drupal-bootstrap.min.css"",""https://cdn.jsdelivr.net/npm/@unicorn-fail/drupal-bootstrap-styles@0.0.2/dist/3.3.1/8.x-3.x/drupal-bootstrap.min.css"",""https://cdn.jsdelivr.net/npm/@unicorn-fail/drupal-bootstrap-styles@0.0.2/dist/3.4.0/8.x-3.x/drupal-bootstrap.min.css"",""https://cdn.jsdelivr.net/npm/bootstrap@3.4.1/dist/css/bootstrap.min.css"",""https://cdn.jsdelivr.net/npm/bootstrap@3.4.1/dist/js/bootstrap.min.js"",""https://dap.digitalgov.gov/Universal-Federated-Analytics-Min.js"",""https://fonts.googleapis.com/css"",""https://fonts.gstatic.com/s/inter/v18/UcCO3FwrK3iLTeHuS_nVMrMxCp50SjIw2boKoduKmMEVuFuYAZ9hjp-Ek-_EeA.woff"",""https://fonts.gstatic.com/s/opensans/v40/memvYaGs126MiZpBA-UvWbX2vVnXBbObj2OVTS-mu0SC55I.woff2"",""https://fonts.gstatic.com/s/opensans/v40/memvYaGs126MiZpBA-UvWbX2vVnXBbObj2OVTUGmu0SC55K5gw.woff2"",""https://googleads.g.doubleclick.net/pagead/viewthroughconversion/672110929/"",""https://listgrowth.ctctcdn.com/v1/0eb37dc01ce1ed40c78e6ca251e2da67.json"",""https://static.ctctcdn.com/js/signup-form-widget/current/signup-form-widget.css"",""https://static.ctctcdn.com/js/signup-form-widget/current/signup-form-widget.min.js"",""https://www.google-analytics.com/g/collect"",""https://www.google.com/pagead/1p-conversion/672110929/"",""https://www.google.com/recaptcha/api.js"",""https://www.googleadservices.com/pagead/conversion/672110929/"",""https://www.googletagmanager.com/gtag/destination""]",12.0,"["".dfc.gov""]",True,0.0209311458333333,648.9,"[""foia"",""privacy"",""usa.gov""]","[""about us"",""accessibility"",""foia"",""inspector general"",""vulnerability disclosure"",""usa.gov""]",,,DFC | Investing in Development,"The homepage of the DFC, the U.S. government's development finance institution, providing secure private investment opportunities for emerging markets across the globe.","DFC, USDFC, USIDFC, US International Development Finance Corporation, OPIC, USAID, development finance",,,,,,,,https://www.dfc.gov/,en,,False,False,True,https://www.dfc.gov/,True,200.0,text/html,,,,False,True,https://www.dfc.gov/,True,200.0,text/html,,,,0.0,0.0,0.0,0.0,,False,0.0,0.0,0.0,,0.0,0.0
forms.dfc.gov,dfc.gov,.gov,True,https://forms.dfc.gov/s/,dfc.gov,gov,forms.dfc.gov,True,200.0,text/html,True,True,United States International Development Finance Corporation,US International Development Finance Corporation,Executive,True,"[""omb_idea""]",True,2024-09-23T05:02:45.961Z,completed,completed,completed,completed,completed,completed,completed,completed,True,amazonaws.com,,,,False,,False,,,,,,0.0,"[""forms.dfc.gov""]",False,0.12381859375,1865.899,,,True,True,DFC Forms Portal Home,,,,,,,,,,,en-US,,False,True,False,https://forms.dfc.gov/robots.txt,True,200.0,text/plain,234.0,,"[""https://forms.dfc.gov/s/sitemap.xml""]",False,True,https://secure.login.gov/,True,200.0,text/html,,,,0.0,0.0,0.0,0.0,,False,0.0,0.0,0.0,,0.0,0.0
www.idfc.gov,idfc.gov,.gov,,,,,,,,,,,United States International Development Finance Corporation,US International Development Finance Corporation,Executive,False,"[""gov""]",,2024-09-23T00:57:48.165Z,timeout,completed,completed,completed,completed,completed,unknown_error,completed,False,amazonaws.com,,,,,,,,20240712 v8.2 - GA4,"G-CZF4RDK7QK,G-CSLL4ZEK4L",,,,"["".dfc.gov""]",,0.0209311458333333,600.599,,,,,DFC | Investing in Development,"The homepage of the DFC, the U.S. government's development finance institution, providing secure private investment opportunities for emerging markets across the globe.",,,,,,,,,,,,,False,True,https://www.dfc.gov/,True,200.0,text/html,,,,False,True,https://www.dfc.gov/,True,200.0,text/html,,,,,,,,,,,,,,,
www.usidfc.gov,usidfc.gov,.gov,True,https://www.dfc.gov/,dfc.gov,gov,www.dfc.gov,True,200.0,text/html,False,False,United States International Development Finance Corporation,US International Development Finance Corporation,Executive,False,"[""gov""]",,2024-09-23T06:33:40.513Z,completed,completed,completed,completed,completed,completed,unknown_error,completed,False,amazonaws.com,Drupal,,,True,,True,"{""agency"":""DFC""}",20240712 v8.2 - GA4,"G-CZF4RDK7QK,G-CSLL4ZEK4L","[""cdn.jsdelivr.net"",""dap.digitalgov.gov"",""fonts.googleapis.com"",""fonts.gstatic.com"",""googleads.g.doubleclick.net"",""listgrowth.ctctcdn.com"",""static.ctctcdn.com"",""www.google-analytics.com"",""www.google.com"",""www.googleadservices.com"",""www.googletagmanager.com"",""www.gstatic.com""]","[""https://cdn.jsdelivr.net/npm/@unicorn-fail/drupal-bootstrap-styles@0.0.2/dist/3.1.1/7.x-3.x/drupal-bootstrap.min.css"",""https://cdn.jsdelivr.net/npm/@unicorn-fail/drupal-bootstrap-styles@0.0.2/dist/3.1.1/8.x-3.x/drupal-bootstrap.min.css"",""https://cdn.jsdelivr.net/npm/@unicorn-fail/drupal-bootstrap-styles@0.0.2/dist/3.2.0/7.x-3.x/drupal-bootstrap.min.css"",""https://cdn.jsdelivr.net/npm/@unicorn-fail/drupal-bootstrap-styles@0.0.2/dist/3.2.0/8.x-3.x/drupal-bootstrap.min.css"",""https://cdn.jsdelivr.net/npm/@unicorn-fail/drupal-bootstrap-styles@0.0.2/dist/3.3.1/7.x-3.x/drupal-bootstrap.min.css"",""https://cdn.jsdelivr.net/npm/@unicorn-fail/drupal-bootstrap-styles@0.0.2/dist/3.3.1/8.x-3.x/drupal-bootstrap.min.css"",""https://cdn.jsdelivr.net/npm/@unicorn-fail/drupal-bootstrap-styles@0.0.2/dist/3.4.0/8.x-3.x/drupal-bootstrap.min.css"",""https://cdn.jsdelivr.net/npm/bootstrap@3.4.1/dist/css/bootstrap.min.css"",""https://cdn.jsdelivr.net/npm/bootstrap@3.4.1/dist/js/bootstrap.min.js"",""https://dap.digitalgov.gov/Universal-Federated-Analytics-Min.js"",""https://fonts.googleapis.com/css"",""https://fonts.gstatic.com/s/inter/v18/UcCO3FwrK3iLTeHuS_nVMrMxCp50SjIw2boKoduKmMEVuFuYAZ9hjp-Ek-_EeA.woff"",""https://fonts.gstatic.com/s/opensans/v40/memvYaGs126MiZpBA-UvWbX2vVnXBbObj2OVTS-mu0SC55I.woff2"",""https://fonts.gstatic.com/s/opensans/v40/memvYaGs126MiZpBA-UvWbX2vVnXBbObj2OVTUGmu0SC55K5gw.woff2"",""https://googleads.g.doubleclick.net/pagead/viewthroughconversion/672110929/"",""https://listgrowth.ctctcdn.com/v1/0eb37dc01ce1ed40c78e6ca251e2da67.json"",""https://static.ctctcdn.com/js/signup-form-widget/current/signup-form-widget.css"",""https://static.ctctcdn.com/js/signup-form-widget/current/signup-form-widget.min.js"",""https://www.google-analytics.com/g/collect"",""https://www.google.com/pagead/1p-conversion/672110929/"",""https://www.google.com/recaptcha/api.js"",""https://www.googleadservices.com/pagead/conversion/672110929/"",""https://www.googletagmanager.com/gtag/destination""]",12.0,"["".dfc.gov""]",True,0.0209311458333333,625.599,"[""foia"",""privacy"",""usa.gov""]","[""about us"",""accessibility"",""foia"",""inspector general"",""vulnerability disclosure"",""usa.gov""]",,,DFC | Investing in Development,"The homepage of the DFC, the U.S. government's development finance institution, providing secure private investment opportunities for emerging markets across the globe.","DFC, USDFC, USIDFC, US International Development Finance Corporation, OPIC, USAID, development finance",,,,,,,,https://www.dfc.gov/,en,,False,False,True,https://www.dfc.gov/,True,200.0,text/html,,,,False,True,https://www.dfc.gov/,True,200.0,text/html,,,,0.0,0.0,0.0,0.0,,False,0.0,0.0,0.0,,0.0,0.0
usidfc.gov,usidfc.gov,.gov,,,,,,,,,,,United States International Development Finance Corporation,US International Development Finance Corporation,Executive,False,"[""gov"",""pulse""]",,2024-09-23T04:15:49.073Z,timeout,completed,completed,completed,completed,completed,completed,completed,False,amazonaws.com,,,,,,,,20240712 v8.2 - GA4,"G-CZF4RDK7QK,G-CSLL4ZEK4L",,,,"["".dfc.gov""]",,0.0209311458333333,513.1,,,True,True,DFC | Investing in Development,"The homepage of the DFC, the U.S. government's development finance institution, providing secure private investment opportunities for emerging markets across the globe.",,,,,,,,,,,,,False,True,https://www.dfc.gov/,True,200.0,text/html,,,,False,True,https://www.dfc.gov/,True,200.0,text/html,,,,,,,,,,,,,,,
cms.dfc.gov,dfc.gov,.gov,True,https://cms.dfc.gov/login/auth,dfc.gov,gov,cms.dfc.gov,True,200.0,text/html,True,True,United States International Development Finance Corporation,US International Development Finance Corporation,Executive,False,"[""omb_idea""]",True,2024-09-23T05:21:36.178Z,completed,completed,completed,completed,completed,completed,completed,completed,True,amazonaws.com,,login.gov,,False,,False,,,,"[""fonts.googleapis.com"",""fonts.gstatic.com""]","[""https://fonts.googleapis.com/css"",""https://fonts.gstatic.com/s/opensans/v40/memvYaGs126MiZpBA-UvWbX2vVnXBbObj2OVTS-mu0SC55I.woff2""]",2.0,"[""cms.dfc.gov""]",True,0.0312250520833333,1915.2,,,True,True,,,,,,,,,,,,en-us,,False,False,True,https://cms.dfc.gov/login/auth,True,200.0,text/html,,,,False,True,https://cms.dfc.gov/login/auth,True,200.0,text/html,,,,0.0,0.0,0.0,0.0,,False,0.0,0.0,0.0,,0.0,0.0
smq.opic.gov,opic.gov,.gov,,,,,,,,,,,United States International Development Finance Corporation,US International Development Finance Corporation,Executive,,"[""pulse""]",,2024-09-23T06:05:21.316Z,dns_resolution_error,dns_resolution_error,completed,dns_resolution_error,dns_resolution_error,dns_resolution_error,completed,dns_resolution_error,False,,,,,,,,,,,,,,,,,,,,False,True,,,,,,,,,,,,,,,,,,,,,,,,,,,,,,,,,,,,,,,,,,,,
rpc.opic.gov,opic.gov,.gov,,,,,,,,,,,United States International Development Finance Corporation,US International Development Finance Corporation,Executive,,"[""pulse""]",,2024-09-23T08:00:06.154Z,dns_resolution_error,dns_resolution_error,completed,dns_resolution_error,dns_resolution_error,dns_resolution_error,completed,dns_resolution_error,False,,,,,,,,,,,,,,,,,,,,False,True,,,,,,,,,,,,,,,,,,,,,,,,,,,,,,,,,,,,,,,,,,,,
idfc.gov,idfc.gov,.gov,True,https://www.dfc.gov/,dfc.gov,gov,www.dfc.gov,True,200.0,text/html,False,False,United States International Development Finance Corporation,US International Development Finance Corporation,Executive,False,"[""gov"",""pulse""]",,2024-09-23T01:03:36.514Z,completed,completed,completed,completed,completed,completed,completed,completed,False,amazonaws.com,Drupal,,,True,,True,"{""agency"":""DFC""}",20240712 v8.2 - GA4,"G-CZF4RDK7QK,G-CSLL4ZEK4L","[""cdn.jsdelivr.net"",""dap.digitalgov.gov"",""fonts.googleapis.com"",""fonts.gstatic.com"",""googleads.g.doubleclick.net"",""listgrowth.ctctcdn.com"",""static.ctctcdn.com"",""www.google-analytics.com"",""www.google.com"",""www.googleadservices.com"",""www.googletagmanager.com"",""www.gstatic.com""]","[""https://cdn.jsdelivr.net/npm/@unicorn-fail/drupal-bootstrap-styles@0.0.2/dist/3.1.1/7.x-3.x/drupal-bootstrap.min.css"",""https://cdn.jsdelivr.net/npm/@unicorn-fail/drupal-bootstrap-styles@0.0.2/dist/3.1.1/8.x-3.x/drupal-bootstrap.min.css"",""https://cdn.jsdelivr.net/npm/@unicorn-fail/drupal-bootstrap-styles@0.0.2/dist/3.2.0/7.x-3.x/drupal-bootstrap.min.css"",""https://cdn.jsdelivr.net/npm/@unicorn-fail/drupal-bootstrap-styles@0.0.2/dist/3.2.0/8.x-3.x/drupal-bootstrap.min.css"",""https://cdn.jsdelivr.net/npm/@unicorn-fail/drupal-bootstrap-styles@0.0.2/dist/3.3.1/7.x-3.x/drupal-bootstrap.min.css"",""https://cdn.jsdelivr.net/npm/@unicorn-fail/drupal-bootstrap-styles@0.0.2/dist/3.3.1/8.x-3.x/drupal-bootstrap.min.css"",""https://cdn.jsdelivr.net/npm/@unicorn-fail/drupal-bootstrap-styles@0.0.2/dist/3.4.0/8.x-3.x/drupal-bootstrap.min.css"",""https://cdn.jsdelivr.net/npm/bootstrap@3.4.1/dist/css/bootstrap.min.css"",""https://cdn.jsdelivr.net/npm/bootstrap@3.4.1/dist/js/bootstrap.min.js"",""https://dap.digitalgov.gov/Universal-Federated-Analytics-Min.js"",""https://fonts.googleapis.com/css"",""https://fonts.gstatic.com/s/inter/v18/UcCO3FwrK3iLTeHuS_nVMrMxCp50SjIw2boKoduKmMEVuFuYAZ9hjp-Ek-_EeA.woff"",""https://fonts.gstatic.com/s/opensans/v40/memvYaGs126MiZpBA-UvWbX2vVnXBbObj2OVTS-mu0SC55I.woff2"",""https://fonts.gstatic.com/s/opensans/v40/memvYaGs126MiZpBA-UvWbX2vVnXBbObj2OVTUGmu0SC55K5gw.woff2"",""https://googleads.g.doubleclick.net/pagead/viewthroughconversion/672110929/"",""https://listgrowth.ctctcdn.com/v1/0eb37dc01ce1ed40c78e6ca251e2da67.json"",""https://static.ctctcdn.com/js/signup-form-widget/current/signup-form-widget.css"",""https://static.ctctcdn.com/js/signup-form-widget/current/signup-form-widget.min.js"",""https://www.google-analytics.com/g/collect"",""https://www.google.com/pagead/1p-conversion/672110929/"",""https://www.google.com/recaptcha/api.js"",""https://www.googleadservices.com/pagead/conversion/672110929/"",""https://www.googletagmanager.com/gtag/destination""]",12.0,"["".dfc.gov""]",True,0.0209311458333333,597.2,"[""foia"",""privacy"",""usa.gov""]","[""about us"",""accessibility"",""foia"",""inspector general"",""vulnerability disclosure"",""usa.gov""]",True,True,DFC | Investing in Development,"The homepage of the DFC, the U.S. government's development finance institution, providing secure private investment opportunities for emerging markets across the globe.","DFC, USDFC, USIDFC, US International Development Finance Corporation, OPIC, USAID, development finance",,,,,,,,https://www.dfc.gov/,en,,False,False,True,https://www.dfc.gov/,True,200.0,text/html,,,,False,True,https://www.dfc.gov/,True,200.0,text/html,,,,0.0,0.0,0.0,0.0,,False,0.0,0.0,0.0,,0.0,0.0
go.opic.gov,opic.gov,.gov,,,,,,,,,,,United States International Development Finance Corporation,US International Development Finance Corporation,Executive,,"[""pulse""]",,2024-09-23T00:45:13.242Z,dns_resolution_error,dns_resolution_error,completed,dns_resolution_error,dns_resolution_error,dns_resolution_error,completed,dns_resolution_error,False,,,,,,,,,,,,,,,,,,,,False,True,,,,,,,,,,,,,,,,,,,,,,,,,,,,,,,,,,,,,,,,,,,,
usdfc.gov,usdfc.gov,.gov,True,https://www.dfc.gov/,dfc.gov,gov,www.dfc.gov,True,200.0,text/html,False,False,United States International Development Finance Corporation,US International Development Finance Corporation,Executive,False,"[""gov"",""pulse""]",,2024-09-23T05:13:50.079Z,completed,completed,completed,completed,completed,completed,completed,completed,False,amazonaws.com,Drupal,,,True,,True,"{""agency"":""DFC""}",20240712 v8.2 - GA4,"G-CZF4RDK7QK,G-CSLL4ZEK4L","[""cdn.jsdelivr.net"",""dap.digitalgov.gov"",""fonts.googleapis.com"",""fonts.gstatic.com"",""googleads.g.doubleclick.net"",""listgrowth.ctctcdn.com"",""static.ctctcdn.com"",""www.google-analytics.com"",""www.google.com"",""www.googleadservices.com"",""www.googletagmanager.com"",""www.gstatic.com""]","[""https://cdn.jsdelivr.net/npm/@unicorn-fail/drupal-bootstrap-styles@0.0.2/dist/3.1.1/7.x-3.x/drupal-bootstrap.min.css"",""https://cdn.jsdelivr.net/npm/@unicorn-fail/drupal-bootstrap-styles@0.0.2/dist/3.1.1/8.x-3.x/drupal-bootstrap.min.css"",""https://cdn.jsdelivr.net/npm/@unicorn-fail/drupal-bootstrap-styles@0.0.2/dist/3.2.0/7.x-3.x/drupal-bootstrap.min.css"",""https://cdn.jsdelivr.net/npm/@unicorn-fail/drupal-bootstrap-styles@0.0.2/dist/3.2.0/8.x-3.x/drupal-bootstrap.min.css"",""https://cdn.jsdelivr.net/npm/@unicorn-fail/drupal-bootstrap-styles@0.0.2/dist/3.3.1/7.x-3.x/drupal-bootstrap.min.css"",""https://cdn.jsdelivr.net/npm/@unicorn-fail/drupal-bootstrap-styles@0.0.2/dist/3.3.1/8.x-3.x/drupal-bootstrap.min.css"",""https://cdn.jsdelivr.net/npm/@unicorn-fail/drupal-bootstrap-styles@0.0.2/dist/3.4.0/8.x-3.x/drupal-bootstrap.min.css"",""https://cdn.jsdelivr.net/npm/bootstrap@3.4.1/dist/css/bootstrap.min.css"",""https://cdn.jsdelivr.net/npm/bootstrap@3.4.1/dist/js/bootstrap.min.js"",""https://dap.digitalgov.gov/Universal-Federated-Analytics-Min.js"",""https://fonts.googleapis.com/css"",""https://fonts.gstatic.com/s/inter/v18/UcCO3FwrK3iLTeHuS_nVMrMxCp50SjIw2boKoduKmMEVuFuYAZ9hjp-Ek-_EeA.woff"",""https://fonts.gstatic.com/s/opensans/v40/memvYaGs126MiZpBA-UvWbX2vVnXBbObj2OVTS-mu0SC55I.woff2"",""https://fonts.gstatic.com/s/opensans/v40/memvYaGs126MiZpBA-UvWbX2vVnXBbObj2OVTUGmu0SC55K5gw.woff2"",""https://googleads.g.doubleclick.net/pagead/viewthroughconversion/672110929/"",""https://listgrowth.ctctcdn.com/v1/0eb37dc01ce1ed40c78e6ca251e2da67.json"",""https://static.ctctcdn.com/js/signup-form-widget/current/signup-form-widget.css"",""https://static.ctctcdn.com/js/signup-form-widget/current/signup-form-widget.min.js"",""https://www.google-analytics.com/g/collect"",""https://www.google.com/pagead/1p-conversion/672110929/"",""https://www.google.com/recaptcha/api.js"",""https://www.googleadservices.com/pagead/conversion/672110929/"",""https://www.googletagmanager.com/gtag/destination""]",12.0,"["".dfc.gov""]",True,0.0209311458333333,573.899,"[""foia"",""privacy"",""usa.gov""]","[""about us"",""accessibility"",""foia"",""inspector general"",""vulnerability disclosure"",""usa.gov""]",True,True,DFC | Investing in Development,"The homepage of the DFC, the U.S. government's development finance institution, providing secure private investment opportunities for emerging markets across the globe.","DFC, USDFC, USIDFC, US International Development Finance Corporation, OPIC, USAID, development finance",,,,,,,,https://www.dfc.gov/,en,,False,False,True,https://www.dfc.gov/,True,200.0,text/html,,,,False,True,https://www.dfc.gov/,True,200.0,text/html,,,,0.0,0.0,0.0,0.0,,False,0.0,0.0,0.0,,0.0,0.0
opic.gov,opic.gov,.gov,,,,,,,,,,,United States International Development Finance Corporation,US International Development Finance Corporation,Executive,,"[""gov"",""pulse""]",,2024-09-23T02:53:48.174Z,dns_resolution_error,dns_resolution_error,completed,dns_resolution_error,dns_resolution_error,dns_resolution_error,completed,dns_resolution_error,False,,,,,,,,,,,,,,,,,,,,False,True,,,,,,,,,,,,,,,,,,,,,,,,,,,,,,,,,,,,,,,,,,,,
www.opic.gov,opic.gov,.gov,,,,,,,,,,,United States International Development Finance Corporation,US International Development Finance Corporation,Executive,,"[""gov"",""2020_eot"",""gov_man""]",,2024-09-23T04:50:07.468Z,dns_resolution_error,dns_resolution_error,completed,dns_resolution_error,dns_resolution_error,dns_resolution_error,unknown_error,dns_resolution_error,False,,,,,,,,,,,,,,,,,,,,,,,,,,,,,,,,,,,,,,,,,,,,,,,,,,,,,,,,,,,,,,,,,
